priority,category,status,control,source_rows,evidence
P0,accessi-privacy,passed,“Dispositivo autorizzato” significhi sessione server valida;,addendum:A0387,"Playwright Galaxy S9+: invito e sessione server, modale sopra barra, pulsante raggiungibile, stato disabilitato/invio, doppio clic=una richiesta, HTTP 201 e record confermato; preview 9913ac2c; 2026-08-04"
P0,accessi-privacy,passed,“Documento privato” significhi controllo server per proprietario e ruolo;,addendum:A0388,P0 locale documenti: proprietario e coordinatore aprono; altro viaggiatore riceve diniego server
P0,accessi-privacy,passed,“Posizione condivisa” significhi salvataggio e visualizzazione autorizzata;,addendum:A0389,"Playwright Galaxy: POST 200, coordinate e marker visibili al gruppo, assenti al pubblico, DELETE e sync verificati; preview 20382a40; 2026-08-04"
P0,accessi-privacy,passed,100 tentativi di accesso con codice errato.,globale:T-1049,"ui-p0-auth-abuse: 100/100 respinti, rate limit attivo, profili invariati"
P0,accessi-privacy,passed,100 tentativi di utilizzo di un invito errato.,globale:T-1050,"ui-p0-auth-abuse: 100/100 respinti, nessuna sessione o profilo"
P0,accessi-privacy,passed,Accedere tramite invito personale.,globale:T-0753;addendum:A0337,QA 1.31.0: accesso tramite invito personale completato
P0,accessi-privacy,passed,accesso completo;,globale:T-1366,"authorization-matrix 55/55: il proprietario autenticato vede public, family, group e il proprio private"
P0,accessi-privacy,passed,accesso limitato ad alcune fotografie;,globale:T-1367,"authorization-matrix 55/55: familiare vede public+family, viaggiatore vede public+family+group, nessuno vede private altrui"
P0,accessi-privacy,passed,accesso negato;,globale:T-1368,authorization-matrix 55/55: contenuti fuori visibilità e operazioni fuori ruolo restituiscono 401/403
P0,accessi-privacy,passed,Accesso personale.,globale:T-1199;usabilita:U0652,ui-password-access touch 1/1: registrazione locale autorizzata crea una sessione personale vincolata al telefono e la mantiene dopo refresh
P0,accessi-privacy,passed,Accesso tramite eSIM.,globale:T-0649,"ui-network-india: eSIM 4G verificata sui tre profili mobile | ui-network-india 18/18: profilo eSIM indiana 4G su S20 FE, Samsung vecchio e iPhone piccolo"
P0,accessi-privacy,passed,Accesso tramite invito.,usabilita:U0639,Playwright mobile UI + HTTP 201 + production-smoke identity; preview 4bc152c6; 2026-08-04
P0,accessi-privacy,passed,Accesso tramite rete Wi-Fi indiana.,globale:T-0650,"ui-network-india: Wi-Fi indiana debole verificata sui tre profili mobile | ui-network-india 18/18: Wi-Fi debole ad alta latenza su S20 FE, Samsung vecchio e iPhone piccolo"
P0,accessi-privacy,passed,Accesso tramite roaming italiano.,globale:T-0651,"ui-network-india: roaming congestionato verificato sui tre profili mobile | ui-network-india 18/18: roaming congestionato a 256/96 kbps su S20 FE, Samsung vecchio e iPhone piccolo"
P0,accessi-privacy,passed,Accesso tramite SIM indiana.,globale:T-0652,"ui-network-india: SIM indiana 3G verificata sui tre profili mobile | ui-network-india 18/18: SIM indiana 3G su S20 FE, Samsung vecchio e iPhone piccolo"
P0,accessi-privacy,passed,accesso;,globale:T-1555,"ui-password-access touch 1/1: ciclo pubblico, password, profilo personale e riapertura del Gruppo completato su Samsung S20 FE"
P0,accessi-privacy,passed,Aggiungere consenso privacy esplicito.,globale:T-0043,privacy-consent 2/2 + auth-lifecycle 49/49: checkbox inizialmente non selezionata; registrazioni senza consenso o con consenso falso respinte; consenso vero registrato dal server con data/versione; migrazione additiva senza riscrivere profili esistenti
P0,accessi-privacy,passed,Aggiungere elenco dei dispositivi autorizzati.,globale:T-0030,production-smoke: elenco dispositivi include corrente e secondario
P0,accessi-privacy,passed,Aggiungere rinnovo sicuro della sessione.,globale:T-0032,auth-lifecycle 35/35: solo un token ancora valido estende expires_at; token alterato o revocato riceve 401
P0,accessi-privacy,pending,aggiunta successiva di fotografie autorizzate.,globale:T-1369,
P0,accessi-privacy,passed,Apertura documenti autorizzati.,usabilita:U0659,P0 locale documenti 12/12 e concorrenza 18/18: media privata aperta soltanto da proprietario/coordinatore
P0,accessi-privacy,passed,Apertura documento autorizzato.,globale:T-1201,P0 locale documenti: HEAD 200 per proprietario e coordinatore autenticati
P0,accessi-privacy,passed,Apertura invito.,globale:T-1202,"invite-link-privacy 3/3 + auth-lifecycle 61/61: link aperto, claim completato e sessione personale emessa"
P0,accessi-privacy,passed,Aprire contemporaneamente lo stesso invito personale.,globale:T-0791,extended-p0-auth-lifecycle 28/28: due richieste concorrenti producono una sola sessione
P0,accessi-privacy,passed,Aprire contemporaneamente lo stesso invito su due telefoni.,usabilita:U0410,extended-p0-auth-lifecycle 28/28: telefono A o B vince e l’altro riceve 403/409
P0,accessi-privacy,passed,Aprire due volte contemporaneamente lo stesso invito.,globale:T-0774,extended-p0-auth-lifecycle 28/28: consumo atomico dell’invito verificato
P0,accessi-privacy,passed,Aprire il link senza password.,usabilita:U0268,ui-critical produzione mobile: il dominio pubblico apre la Bacheca senza creare una sessione privata
P0,accessi-privacy,passed,Aprire invito sul telefono A.,globale:T-0322,auth-lifecycle 61/61: telefono A e telefono B tentano il claim; uno solo riceve la sessione legata al dispositivo
P0,accessi-privacy,passed,Aprire invito sul telefono corretto.,usabilita:U0404,Authenticated remote QA: 18/18 applicable; preview a018a091; 2026-08-04
P0,accessi-privacy,passed,Aprire la Bacheca con password.,usabilita:U0095,"ui-password-access touch 1/1: dopo verifica della password la Bacheca resta apribile, ma il dispositivo resta Pubblico finché non viene creato il profilo"
P0,accessi-privacy,passed,Aprire la Bacheca senza password.,usabilita:U0093,ui-critical produzione mobile: accesso Pubblico visibile e area privata assente
P0,accessi-privacy,passed,"Aprire la griglia del Coordinatore, se autorizzato.",usabilita:U0072,ui-coordinator-grid touch 1/1 ripetuto due volte: soltanto la sessione coordinatore verificata apre la dashboard documenti
P0,accessi-privacy,passed,Associare i commenti dei Viaggiatori alla sessione personale.,globale:T-0061,QA 1.31.0: commento del viaggiatore attribuito alla sessione e non ai campi del browser
P0,accessi-privacy,passed,Attivazione sessione.,globale:T-1206,"ui-password-access touch 1/1: POST auth/register 201, token e profile-id creati dal server e riletti dopo ricaricamento"
P0,accessi-privacy,passed,Aumento dei tentativi di accesso errati.,globale:T-1539,access-session-boundaries 17/17: dodici password errate attivano 429 senza creare profili
P0,accessi-privacy,passed,Autorizzare GPS.,usabilita:U0235,ui-location touch 1/1: consenso GPS e coordinate Delhi condivise dal profilo autorizzato
P0,accessi-privacy,passed,Autorizzare il microfono.,globale:T-0445;usabilita:U0215,"ui-microphone-permissions touch 1/1: consenso microfono su Samsung S20 FE, avvio e arresto MediaRecorder e allegato audio riproducibile creato localmente"
P0,accessi-privacy,passed,Autorizzare il permesso.,usabilita:U0188,ui-location touch 1/1: grant geolocation abilita la condivisione reale
P0,accessi-privacy,pending,Autorizzare notifiche.,globale:T-0519,
P0,accessi-privacy,passed,autorizzata durante l’uso;,globale:T-1370,ui-location touch 1/1: permesso geolocation limitato al contesto mobile attivo
P0,accessi-privacy,pending,autorizzata sempre;,globale:T-1371,
P0,accessi-privacy,pending,autorizzata una sola volta;,globale:T-1372,
P0,accessi-privacy,passed,autorizzate;,globale:T-1373,ui-location touch 1/1: con permesso concesso API posizione 200 e sincronizzazione visibile
P0,accessi-privacy,passed,autorizzazione negata;,addendum:A0167,ui-location touch 1/1: diniego mostra messaggio e produce zero richieste POST
P0,accessi-privacy,passed,autorizzazioni dei ruoli;,globale:T-1790,P0 locale ruoli 18/18: matrice viaggiatore/coordinatore verificata direttamente sugli endpoint
P0,accessi-privacy,passed,autorizzazioni;,addendum:A0079,Playwright same-device identity switch 5/5; preview 39b1fb83; 2026-08-04
P0,accessi-privacy,passed,Cambiare ruolo e rinnovare la sessione.,addendum:A0342,roles 20/20: promozione e retrocessione sono rilevate dal token già aperto; l’ultimo coordinatore non può essere retrocesso
P0,accessi-privacy,passed,Caricare un PDF protetto da password.,globale:T-0994,"ui-protected-pdf touch 1/1 ripetuto due volte: PDF AES-256 caricato, riconosciuto come protetto, scaricato, visto dal coordinatore ed eliminato"
P0,accessi-privacy,passed,Cercare chiavi private VAPID nel bundle JavaScript.,globale:T-1493,scan-client-secrets: build bloccata se compare VAPID_PRIVATE_KEY nel client | scan-client-secrets eseguito obbligatoriamente dopo ogni build: VAPID_PRIVATE_KEY assente dal bundle
P0,accessi-privacy,passed,Cercare token Cloudflare.,globale:T-1502,repository-secrets e scan-client-secrets: token Cloudflare assenti da file tracciati e bundle | repository-secrets 2/2 e scan-client-secrets: nessun file token tracciato e identificatori token Cloudflare assenti dal client
P0,accessi-privacy,passed,chi può creare un invito non possa automaticamente leggere documenti non autorizzati;,addendum:A0383,"authorization-matrix 66/66 ripetuta due volte: creare invito non cambia profilo o ruolo, non restituisce documenti/sessione e il token invito riceve 401 da /api/private"
P0,accessi-privacy,passed,Chiudere automaticamente i dati privati già mostrati.,addendum:A0104,Playwright live role/revoke 1/1; preview a4b05356; 2026-08-04
P0,accessi-privacy,passed,collegamento di invito già utilizzato;,addendum:A0126,extended-p0-auth-lifecycle 28/28: riuso negato con 403/409
P0,accessi-privacy,passed,Collegare il telefono A tramite invito personale.,globale:T-0696,QA 1.31.0: telefono tecnico collegato tramite invito personale
P0,accessi-privacy,passed,come deve ottenere l’autorizzazione mancante;,addendum:A0433,"ACCESS-DENIAL-MESSAGES + access-state-documentation 2/2: recupero esplicito tramite invito, profilo con consenso, coordinatore o identità ospite"
P0,accessi-privacy,passed,Commento con password.,usabilita:U0296,ui-password-access touch ripetuto due volte: dopo password verificata il Pubblico crea identità ospite server e commento 201; nessuna sessione personale viene concessa
P0,accessi-privacy,passed,Commento senza password.,usabilita:U0295,"Playwright Galaxy S9+ su tre contesti: viaggiatore, familiare e pubblico; identità ospite server, like aggiunto/rimosso, commento creato/modificato/eliminato, sync automatica e comandi proprietà; preview c9d82d89; 2026-08-04"
P0,accessi-privacy,passed,Condividere per errore l’invito del Viaggiatore A con il Viaggiatore B.,globale:T-0775,"ui-invite-misdelivery touch 2/2 ripetuto due volte: sessione B invariata, invito A non consumato e ancora utilizzabile dal destinatario"
P0,accessi-privacy,passed,condizione dopo accesso;,addendum:A0286,ui-role-live touch 2/2: invito attiva profilo e ruolo derivati dalla sessione server
P0,accessi-privacy,passed,condizione quando la sessione è ancora in verifica.,addendum:A0292,Playwright credential precedence 4/4; preview 06eec926; 2026-08-04
P0,accessi-privacy,passed,conferma che nessuna autorizzazione dipenda esclusivamente dal frontend.,addendum:A0482,P0 locale ruoli/documenti/posizione: richieste API falsificate respinte 403 dal Worker
P0,accessi-privacy,passed,confonde password di gruppo e sessione personale;,addendum:A0441,"ui-coordinator-grid touch 1/1: la sola password comune non crea token, non apre /api/private e non mostra la griglia"
P0,accessi-privacy,passed,confrontare tutti i tasti visibili al Coordinatore con gli endpoint accessibili al Coordinatore;,addendum:A0041,endpoint-authorization-inventory 2/2 + ui-endpoint-authorization-alignment 2/2 + authorization-matrix 59/59
P0,accessi-privacy,passed,confrontare tutti i tasti visibili al Familiare con gli endpoint accessibili al Familiare;,addendum:A0039,endpoint-authorization-inventory 2/2 + ui-endpoint-authorization-alignment 2/2 + authorization-matrix 59/59
P0,accessi-privacy,passed,confrontare tutti i tasti visibili al Viaggiatore con gli endpoint accessibili al Viaggiatore;,addendum:A0040,endpoint-authorization-inventory 2/2 + ui-endpoint-authorization-alignment 2/2 + authorization-matrix 59/59
P0,accessi-privacy,passed,confrontare tutti i tasti visibili per il Pubblico con gli endpoint accessibili al Pubblico;,addendum:A0038,endpoint-authorization-inventory 2/2 + ui-endpoint-authorization-alignment 2/2 + authorization-matrix 59/59
P0,accessi-privacy,passed,Consentire creazione di un nuovo invito sicuro.,globale:T-1613,"invite-link-privacy 3/3 + auth-lifecycle 61/61: invito casuale, hash nel database, scadenza 48 ore e uso singolo"
P0,accessi-privacy,pending,Consentire proroga autorizzata della conservazione.,globale:T-1338,
P0,accessi-privacy,passed,CONSENTITO SOLTANTO SE PROPRIETARIO;,addendum:A0023,endpoint-authorization-inventory 2/2 + authorization-matrix 59/59
P0,accessi-privacy,passed,Coordinatore apre documenti autorizzati.,usabilita:U0440,P0 locale documenti: coordinatore apre la chiave privata del documento del viaggiatore
P0,accessi-privacy,passed,"Coordinatore revoca A, A perde accesso immediatamente.",usabilita:U0564,Playwright live role/revoke 1/1; preview a4b05356; 2026-08-04
P0,accessi-privacy,passed,Coordinatore: documenti autorizzati del gruppo.,globale:T-0480,P0 locale documenti: stato privato coordinatore include il documento del gruppo e media accessibile
P0,accessi-privacy,passed,Copia invito.,usabilita:U0657,ui-multi-invite-copy touch 1/1 ripetuto due volte: pulsante Copia link azionato e URL letto realmente dagli appunti del telefono
P0,accessi-privacy,passed,Copiare il token su un altro browser.,globale:T-0757,session-device-binding 2/2 + auth-lifecycle 57/57: token valido con chiave browser diversa o assente restituisce 401
P0,accessi-privacy,passed,Copiare invito.,usabilita:U0378;usabilita:U0403,"ui-multi-invite-copy touch 1/1 ripetuto due volte: tre link distinti copiati, senza query e con token soltanto nel frammento"
P0,accessi-privacy,passed,Copiare token su altro dispositivo.,globale:T-0615,auth-lifecycle 57/57: sessione nuova e sessione precedente dopo il primo binding accettano soltanto la chiave del dispositivo originario
P0,accessi-privacy,passed,Creare due inviti successivi per la stessa persona.,globale:T-0776,"auth-lifecycle 61/61: primo invito creato e revocato, secondo creato separatamente e consumato correttamente"
P0,accessi-privacy,passed,Creare invito per Viaggiatore A.,globale:T-0324,auth-lifecycle 61/61: invito creato per targetProfileId e risposta claim associata allo stesso profilo
P0,accessi-privacy,passed,Creare invito.,usabilita:U0377;usabilita:U0402,Playwright mobile people/roles 1/1; preview 64167f5a; 2026-08-04 | Authenticated remote QA: 18/18 applicable; preview a018a091; 2026-08-04
P0,accessi-privacy,passed,Creare un invito o procedura di trasferimento sicura.,globale:T-1602,"invite-link-privacy 3/3: frammento non inviato al server, rimosso prima del claim; token monouso memorizzato come hash"
P0,accessi-privacy,passed,Creare un invito per ogni Viaggiatore.,globale:T-0777,ui-multi-invite-copy touch 1/1 ripetuto due volte: tre schede diverse producono tre inviti personali distinti
P0,accessi-privacy,passed,creazione invito;,globale:T-0732;globale:T-1218;usabilita:U0656,Playwright mobile people/roles 1/1; preview 64167f5a; 2026-08-04
P0,accessi-privacy,passed,dati privati nella cache.,addendum:A0082,Public-cache unit + delayed-state Playwright 6/6; preview 63b53987; 2026-08-04
P0,accessi-privacy,passed,deve ricevere una sessione Ospite sicura;,usabilita:U0024,guest-session-device-binding 2/2 + authorization-matrix 59/59: token familiare vincolato alla chiave del telefono; chiave assente o differente vede soltanto contenuti pubblici
P0,accessi-privacy,passed,diagramma degli stati di accesso;,addendum:A0466,CREDENTIAL-STATE-MACHINE 1.41.0 + access-state-documentation 2/2: diagramma Mermaid e precedenza sessione/ruolo/profilo verificati contro il client
P0,accessi-privacy,pending,dispositivo o sessione;,globale:T-1558,
P0,accessi-privacy,pending,"Distinguere limiti per IP, sessione e profilo.",globale:T-1053,
P0,accessi-privacy,passed,Divieto di leggere un post privato modificando direttamente l’URL.,globale:T-0067,QA 1.31.0: ospite e altro viaggiatore non leggono ne interagiscono col post privato
P0,accessi-privacy,passed,"Documenti privati con private, no-store.",globale:T-1473,"security-surface L1: risposte private impostano Cache-Control private, no-store"
P0,accessi-privacy,passed,documento non autorizzato;,usabilita:U0498,authorization-matrix 55/55: HEAD del PDF privato restituisce 403 senza sessione e con sessione di altro viaggiatore
P0,accessi-privacy,passed,documento privato;,addendum:A0125,authorization-matrix 55/55: documento reale in storage temporaneo visibile soltanto a proprietario e coordinatore
P0,accessi-privacy,passed,è nascosto o disabilitato per il ruolo non autorizzato;,usabilita:U0668,ui-endpoint-authorization-alignment 2/2 + authorization-matrix 59/59
P0,accessi-privacy,passed,elenco dei controlli di proprietà;,addendum:A0469,API-AUTHORIZATION-INVENTORY: 38 rotte esatte e 5 rotte dinamiche classificate
P0,accessi-privacy,passed,elenco dei messaggi di autorizzazione negata;,addendum:A0472,ACCESS-DENIAL-MESSAGES + access-state-documentation 2/2: 17 dinieghi confrontati letteralmente col Worker e collegati al recupero UI
P0,accessi-privacy,passed,"Eliminando un profilo, gestire documenti, posizioni, sessioni e inviti.",globale:T-1011,"profile-deletion locale 40/40 + QA live 17/17: cascata reale verificata su documenti, posizione, sessione, invito e stato condiviso"
P0,accessi-privacy,passed,Eliminare il profilo associato a una sessione attiva.,globale:T-0758,profile-deletion locale 40/40 + QA live 17/17: eliminazione dal dispositivo proprietario e sessione immediatamente respinta con 401
P0,accessi-privacy,passed,Eliminare inviti scaduti.,globale:T-1347,"extended-p0-auth-lifecycle: invito scaduto inserito in D1 locale e rimosso da health | extended-p0-auth-lifecycle 44/44: invito scaduto inserito in D1 locale isolato, health rimuove almeno una riga, claim successivo 403"
P0,accessi-privacy,passed,Eliminare l’endpoint che trasforma il codice comune in una sessione per un profilo scelto.,globale:T-0034,authorization-matrix 59/59: auth/unlock con password corretta restituisce 403 e non emette sessione
P0,accessi-privacy,passed,Eliminare sessioni scadute.,globale:T-1348,"extended-p0-auth-lifecycle: sessione scaduta inserita in D1 locale e rimozione contata da health | extended-p0-auth-lifecycle 44/44: sessione scaduta inserita in D1 locale isolato, health rimuove almeno una riga, sessione successiva 401"
P0,accessi-privacy,passed,endpoint autorizzati;,addendum:A0048,authorization-matrix 55/55: richieste HTTP reali confermano i confini server per tutte le risorse sensibili della matrice
P0,accessi-privacy,passed,entrare con un invito;,globale:T-1774,auth-lifecycle 61/61: claim valido restituisce sessione e profilo corretto
P0,accessi-privacy,passed,Eseguire logout e nuovo accesso.,addendum:A0340,auth-lifecycle 68/68: logout invalida il token e un nuovo invito emette una nuova sessione
P0,accessi-privacy,passed,esiste una matrice autorizzativa approvata;,addendum:A0444,AUTHORIZATION-MATRIX + endpoint-authorization-inventory 2/2
P0,accessi-privacy,passed,etichetta di accesso mostrata;,addendum:A0043,access-state-documentation 2/2 + ui-multi-invite-copy: Pubblico senza sessione e nome del profilo soltanto dopo conferma server
P0,accessi-privacy,passed,Familiare: nessun accesso.,globale:T-0482,resource-enumeration 17/17: sessione familiare riceve lo stesso diniego del pubblico su area e media private
P0,accessi-privacy,passed,gli URL diretti rispettano le autorizzazioni;,addendum:A0454,"ui-critical produzione: richieste dirette a private, devices, locations e documents negate senza sessione"
P0,accessi-privacy,passed,i dati dei profili rispettano la privacy;,globale:T-0673,authorization-matrix 55/55 + security-surface: stato pubblico ridotto e metadati privacy_consent_at/version assenti anche nello stato autenticato
P0,accessi-privacy,passed,il Coordinatore è autorizzato lato server;,globale:T-0675,P0 locale ruoli 18/18: promozione live abilita inviti e retrocessione li nega immediatamente
P0,accessi-privacy,passed,il server deve autorizzare la richiesta;,addendum:A0029,Authenticated remote QA + mobile publication; preview a018a091; 2026-08-04
P0,accessi-privacy,passed,Il sistema deve bloccare la pubblicazione oppure richiedere l’accesso.,usabilita:U0474,"Playwright mobile: loading held, disabled state, duplicate click, HTTP 201, confirmation; preview 9393a1aa"
P0,accessi-privacy,passed,Impedire che il testo di un post privato compaia nella notifica di utenti non autorizzati.,globale:T-0069,"push-audience 5/5: un post privato non produce notifiche per pubblico, familiari o altri viaggiatori"
P0,accessi-privacy,passed,Impedire il riutilizzo di una sessione rubata.,globale:T-0036,auth-lifecycle 57/57: il bearer token copiato non è sufficiente; il server confronta l’hash della chiave dispositivo e nega chiave mancante o differente
P0,accessi-privacy,passed,impossibilità di aprire documenti prima della verifica della sessione;,addendum:A0318,Playwright credential precedence 4/4; preview 06eec926; 2026-08-04
P0,accessi-privacy,passed,impossibilità di utilizzare il ruolo conservato localmente come autorizzazione;,addendum:A0319,Playwright credential precedence 4/4; preview 06eec926; 2026-08-04
P0,accessi-privacy,passed,Impossibilità di vedere documenti e posizioni private.,globale:T-1219,ui-critical produzione: pubblico senza sessione non vede UI privata e gli endpoint sono negati
P0,accessi-privacy,passed,Individuare la sessione del telefono smarrito.,globale:T-1614,extended-p0-auth-lifecycle 28/28: elenco dispositivi identifica quello corrente e il secondo telefono tramite device_id
P0,accessi-privacy,passed,Inserire la password corretta.,usabilita:U0009,ui-password-access touch 1/1: password QA corretta apre esclusivamente il modulo di registrazione
P0,accessi-privacy,passed,Inserire password corretta.,usabilita:U0041;usabilita:U0625,ui-password-access touch 1/1: password QA corretta verificata tramite gesto touch e risposta server
P0,accessi-privacy,passed,Inserire password errata.,usabilita:U0043,ui-critical produzione mobile: codice-sbagliato mostra Codice non corretto e resta Pubblico
P0,accessi-privacy,passed,Inserire spazi prima e dopo la password.,usabilita:U0047,"ui-password-access touch 1/1: spazi esterni rimossi dal client, password verificata senza alterare il valore interno"
P0,accessi-privacy,passed,Invio della notifica agli utenti autorizzati.,usabilita:U0165,"push-audience 5/5: family raggiunge ospiti/profili, group soltanto profili, private nessun non proprietario"
P0,accessi-privacy,passed,invito creato;,globale:T-1566,"auth-lifecycle 61/61: creazione restituisce 201, identificativo hash e token casuale"
P0,accessi-privacy,passed,invito già utilizzato.,usabilita:U0513,extended-p0-auth-lifecycle 28/28: riuso negato dal server
P0,accessi-privacy,passed,invito scaduto;,usabilita:U0512,extended-p0-auth-lifecycle 28/28: invito scaduto negato con HTTP 403
P0,accessi-privacy,passed,invito utilizzato;,globale:T-1567,QA 1.31.0: invito gia utilizzato non puo essere riutilizzato
P0,accessi-privacy,passed,L’autore deve derivare dalla sessione personale.,usabilita:U0167,Playwright mobile UI + HTTP 201 + production-smoke identity; preview 4bc152c6; 2026-08-04
P0,accessi-privacy,passed,l’identità della sessione prevale sui dati locali;,addendum:A0450,Authenticated remote QA + mobile publication; preview a018a091; 2026-08-04
P0,accessi-privacy,passed,l’identità server della sessione prevale sempre sui dati modificabili del browser;,addendum:A0059,Authenticated remote QA + mobile publication; preview a018a091; 2026-08-04
P0,accessi-privacy,passed,l’URL pubblico non deve contenere token;,addendum:A0283,invite-link-privacy 3/3: i nuovi link usano #invite e la query inviata al server non contiene il token
P0,accessi-privacy,passed,la gestione dei contenuti sia separata dalla gestione delle sessioni;,addendum:A0382,"ui-people touch 1/1: creazione, modifica e apertura documenti altrui non sostituiscono più profile-id, nome o ruolo della sessione coordinatore"
P0,accessi-privacy,passed,la password comune non aumenta i privilegi di una sessione personale;,addendum:A0063,Playwright credential precedence 4/4; preview 06eec926; 2026-08-04
P0,accessi-privacy,passed,la password comune non permette impersonazioni;,addendum:A0449,"authorization-matrix 55/55 + roles 20/20: auth/unlock non crea sessioni; autore, profilo e ruolo derivano sempre dal token server"
P0,accessi-privacy,passed,la password del gruppo non dia privilegi da Viaggiatore;,addendum:A0377,"authorization-matrix 55/55: la sola password riceve 401/403 su area privata, commenti, reazioni e notifica globale; serve una sessione personale"
P0,accessi-privacy,passed,la password risulta corretta ma Pubblica restituisce errore;,usabilita:U0687,"ui-password-access touch 1/1 ripetuto due volte: password, registrazione, refresh e POST pubblicazione 201 con post visibile"
P0,accessi-privacy,passed,Lasciare la sessione inattiva fino alla scadenza prevista.,globale:T-0761,QA 1.31.0: scadenza per inattivita simulata e verificata
P0,accessi-privacy,passed,Limitazione dell’accesso alle persone autorizzate.,globale:T-0210,"authorization-matrix 55/55: matrice reale pubblico/ospite/viaggiatore/proprietario/coordinatore verificata su post, profili, documenti, posizioni e notifiche"
P0,accessi-privacy,passed,Memorizzare un vecchio token prima dell’accesso.,addendum:A0336,"session-token-rotation 2/2 + auth-lifecycle 61/61: il test conserva il token precedente, rinnova la sessione e ne verifica separatamente lo stato"
P0,accessi-privacy,passed,Modalità privata del browser.,globale:T-1094,"ui-private-browser-session touch 1/1: sessione confinata al contesto privato; dopo la chiusura il nuovo contesto è Pubblico, senza credenziali e con area privata 401"
P0,accessi-privacy,passed,Modificare token.,globale:T-0623,access-session-boundaries 17/17 + auth-lifecycle 68/68: token alterato restituisce 401
P0,accessi-privacy,passed,Modificare un carattere dell’invito.,globale:T-0778,extended-p0-auth-lifecycle 28/28: invito alterato negato con HTTP 403
P0,accessi-privacy,passed,Modificare un solo carattere del token.,globale:T-0762,extended-p0-auth-lifecycle 28/28: sessione alterata negata con HTTP 401
P0,accessi-privacy,passed,Nessun accesso.,usabilita:U0476,resource-enumeration 17/17: pubblico senza sessione non apre area privata e non distingue risorse esistenti
P0,accessi-privacy,pending,Nessun documento privato inserito senza consenso.,globale:T-1722,
P0,accessi-privacy,passed,Nessun documento privato nei risultati pubblici.,globale:T-1692,production-smoke: stato pubblico non espone documenti; /api/private senza sessione risponde 401
P0,accessi-privacy,passed,nessun endpoint operativo sia privo di controllo delle autorizzazioni.,addendum:A0020,endpoint-authorization-inventory 2/2: 38 rotte esatte e 5 dinamiche classificate
P0,accessi-privacy,passed,Nessun token negli URL.,globale:T-1479,invite-link-privacy 3/3: token confinato nel frammento e rimosso immediatamente con history.replaceState
P0,accessi-privacy,pending,nessun token;,globale:T-1570,
P0,accessi-privacy,passed,nessun utilizzo di autorizzazioni precedenti;,addendum:A0333,Authenticated remote QA + mobile publication; preview a018a091; 2026-08-04
P0,accessi-privacy,passed,nessuna estensione automatica del pubblico autorizzato.,addendum:A0375,authorization-matrix 55/55: una sessione ospite aggiunge solo family; una sessione gruppo non aggiunge private altrui
P0,accessi-privacy,passed,nessuna informazione sull’esistenza di risorse non autorizzate.,addendum:A0335,"resource-enumeration 17/17: documento, invito e dispositivo reali producono lo stesso diniego delle rispettive risorse inesistenti"
P0,accessi-privacy,passed,Nessuna pagina privata incorporabile in siti esterni.,globale:T-1480,production-smoke live: X-Frame-Options SAMEORIGIN e CSP frame-ancestors self sul documento HTML
P0,accessi-privacy,pending,nessuna password.,globale:T-1571,
P0,accessi-privacy,passed,Nessuna sessione.,usabilita:U0478,ui-critical produzione mobile: senza sessione /api/private e /api/auth/devices rispondono 401
P0,accessi-privacy,passed,nessuna visualizzazione momentanea di dati privati;,addendum:A0137,"ui-coordinator-grid touch 1/1: MutationObserver registra zero apparizioni della griglia su pubblico, sola password e viaggiatore"
P0,accessi-privacy,passed,Non accettare token impostati manualmente dal client.,addendum:A0344,Playwright false-token removal + remote session QA; preview a4b05356; 2026-08-04
P0,accessi-privacy,passed,Non consentire alla password comune di impersonare un Viaggiatore esistente.,usabilita:U0005,authorization-matrix 55/55: auth/unlock con password corretta restituisce 403 e richiede l’invito personale monouso
P0,accessi-privacy,passed,Non creare inviti.,usabilita:U0369,Playwright mobile people/roles 1/1; preview 64167f5a; 2026-08-04
P0,accessi-privacy,passed,non deve cancellare la sessione personale;,addendum:A0276,"ui-invite-misdelivery touch 2/2: apertura di un invito altrui conserva token, profilo e ruolo della sessione valida"
P0,accessi-privacy,passed,non deve consentire operazioni private mentre è attiva;,addendum:A0278,security-surface 18/18 + ui-coordinator-grid touch: nessuna anteprima client attivabile; il contesto Pubblico riceve 401 dall’area privata
P0,accessi-privacy,passed,non deve contenere password;,addendum:A0421,security-surface L1: codice gruppo assente dal bundle client e verificato solo contro il secret server
P0,accessi-privacy,passed,non deve contenere token;,addendum:A0422,security-surface L1: token di sessione/invito non incorporati nel bundle client
P0,accessi-privacy,passed,"non deve vedere posizioni, salvo autorizzazione esplicita;",usabilita:U0028,authorization-matrix 55/55 + location 10/10: area posizioni restituisce 401 a pubblico/ospite/password; una sessione gruppo vede e modifica soltanto la propria
P0,accessi-privacy,passed,Non inserire token in query string.,addendum:A0346,Playwright invite URL cleanup and persisted session without URL token; preview a4b05356; 2026-08-04
P0,accessi-privacy,passed,Non lasciare documenti privati nella cache.,globale:T-1623,public-cache e security-surface L1: Service Worker esclude dati privati e API private sono no-store
P0,accessi-privacy,passed,non mostrare temporaneamente documenti prima del controllo della sessione;,addendum:A0294,Playwright credential precedence 4/4; preview 06eec926; 2026-08-04
P0,accessi-privacy,passed,Non mostrare testo di post riservati a utenti non autorizzati.,globale:T-1356,push-audience 5/5 e production-smoke: feed e notifiche filtrano i contenuti per visibilità
P0,accessi-privacy,passed,Non registrare token nei log.,addendum:A0347,invite-link-privacy 3/3: il frammento non viene trasmesso nelle richieste HTTP e viene cancellato prima del claim
P0,accessi-privacy,passed,non riceve log non autorizzati.,addendum:A0153,Authenticated remote QA + mobile publication; preview a018a091; 2026-08-04
P0,accessi-privacy,passed,non riceve posizioni private;,addendum:A0144,Authenticated remote QA + mobile publication; preview a018a091; 2026-08-04
P0,accessi-privacy,passed,non riceve sessioni o inviti altrui.,addendum:A0149,Authenticated remote QA + mobile publication; preview a018a091; 2026-08-04
P0,accessi-privacy,passed,non riceve token o segreti;,addendum:A0155,"security-surface L1: bundle pubblico privo di codice gruppo, token di sessione e token Cloudflare"
P0,accessi-privacy,passed,Non riutilizzare token già revocati.,addendum:A0345,Live revoke command 403 + authenticated remote QA 20/20; preview a4b05356; 2026-08-04
P0,accessi-privacy,passed,non utilizzare la password comune per aggirare il rifiuto.,addendum:A0274,access-state-documentation + access-session-boundaries 17/17: password comune non ripete né autorizza endpoint privati dopo 401/403
P0,accessi-privacy,pending,Notifica per invito personale.,globale:T-0085,
P0,accessi-privacy,pending,"Notifica per posizione condivisa, soltanto se autorizzata.",globale:T-0087,
P0,accessi-privacy,passed,notifiche autorizzate correttamente;,globale:T-1793,push-audience 5/5: autorizzazione calcolata lato Worker prima di costruire ogni push
P0,accessi-privacy,passed,Notifiche inviate soltanto agli utenti autorizzati a vedere il post.,globale:T-0070,"push-audience 5/5: matrice public/family/group/private verificata per pubblico, ospite e profilo"
P0,accessi-privacy,passed,nuove funzioni basate sulla sessione;,addendum:A0400,ui-password-access touch 1/1: Pubblica usa la sessione personale verificata e non il codice comune
P0,accessi-privacy,passed,"offrire accesso o collegamento del profilo, se appropriato;",addendum:A0270,"TypeScript JSX inventory: 115 interactive elements, zero missing handlers/empty links; Playwright credential flow"
P0,accessi-privacy,passed,Ogni invito deve essere collegato a un profilo esistente.,globale:T-1017,P0_DB_AUTH_INTEGRITY: D1 respinge inviti senza profilo e li elimina a cascata | P0_DB_AUTH_INTEGRITY 3/3: trigger D1 respinge INSERT invito con profile_id inesistente e pulisce gli inviti alla cancellazione del profilo
P0,accessi-privacy,passed,ogni richiesta non autorizzata viene rifiutata dal server;,addendum:A0448,Authenticated remote QA + mobile publication; preview a018a091; 2026-08-04
P0,accessi-privacy,passed,Ogni sessione deve essere collegata a un profilo esistente.,globale:T-1021,P0_DB_AUTH_INTEGRITY: D1 respinge sessioni senza profilo e le elimina a cascata | P0_DB_AUTH_INTEGRITY 3/3: trigger D1 respinge INSERT sessione con profile_id inesistente e pulisce le sessioni alla cancellazione del profilo
P0,accessi-privacy,passed,ogni tasto autorizzato funziona realmente;,addendum:A0446,ui-endpoint-authorization-alignment 2/2 + authorization-matrix 59/59
P0,accessi-privacy,passed,ogni tasto non autorizzato è nascosto o disabilitato;,addendum:A0447,ui-endpoint-authorization-alignment 2/2 + authorization-matrix 59/59
P0,accessi-privacy,passed,password di gruppo e sessione Coordinatore;,addendum:A0054,"ui-coordinator-grid touch 1/1: password comune, sessione viaggiatore e sessione coordinatore verificate come tre stati distinti"
P0,accessi-privacy,passed,password di gruppo e sessione scaduta;,addendum:A0055,CREDENTIAL-STATE-MACHINE + ui-password-access + ui-role-live: password senza sessione resta Pubblico; sessione scaduta viene rimossa e richiede invito
P0,accessi-privacy,passed,password di gruppo e sessione Viaggiatore;,addendum:A0053,Playwright credential precedence 4/4; preview 06eec926; 2026-08-04
P0,accessi-privacy,passed,password errata;,usabilita:U0492,ui-critical produzione mobile: password errata non sblocca Gruppo né documenti
P0,accessi-privacy,passed,permesso autorizzato;,globale:T-1381,ui-location touch 1/1: permesso riattivato consente nuovo invio e successiva cancellazione
P0,accessi-privacy,passed,privacy dei profili;,globale:T-1795,authorization-matrix 55/55: campi tecnici del consenso esclusi dalla risposta condivisa; documenti e posizioni restano su endpoint autenticato
P0,accessi-privacy,passed,privacy nella vista pubblica.,usabilita:U0401,ui-critical e production-smoke: cache privata filtrata e stato pubblico privo di campi privati
P0,accessi-privacy,passed,profile_id della sessione prevale sempre sul profile_id del localStorage;,addendum:A0061,Authenticated remote QA + mobile publication; preview a018a091; 2026-08-04
P0,accessi-privacy,passed,Protezione contro accesso a documenti altrui.,globale:T-0222,"authorization-matrix 55/55: pubblico, ospite e altro viaggiatore ricevono 403; proprietario e coordinatore aprono; solo il proprietario sostituisce o elimina"
P0,accessi-privacy,passed,prova ripetutamente una funzione non autorizzata;,addendum:A0438,access-session-boundaries 17/17: venticinque richieste private con sessioni false restano tutte 401
P0,accessi-privacy,passed,pubblicazione non autorizzata;,usabilita:U0497,ui-critical produzione mobile: Pubblica senza sessione mostra Accesso privato e non monta il compositore
P0,accessi-privacy,passed,Pubblico: nessun accesso.,globale:T-0484,"ui-critical produzione mobile: nessun comando privato, documenti o griglia coordinatore"
P0,accessi-privacy,passed,quali contenuti privati esistono.,addendum:A0359,"resource-enumeration 17/17: pubblico, familiare e altro viaggiatore non distinguono una chiave documento reale da una casuale"
P0,accessi-privacy,passed,quali inviti esistono;,addendum:A0357,resource-enumeration 17/17: viaggiatore riceve risposta identica tentando la revoca di un invito reale o inesistente
P0,accessi-privacy,passed,quali sessioni sono attive;,addendum:A0358,resource-enumeration 17/17: elenco dispositivi limitato al profilo corrente; dispositivo altrui e casuale sono indistinguibili
P0,accessi-privacy,passed,"Registrare data, ora e ultimo utilizzo della sessione.",globale:T-0037,"auth-lifecycle 35/35: created_at, last_used_at ed expires_at sono registrati e mostrati nell’elenco dispositivi"
P0,accessi-privacy,passed,registri nome accessibile;,addendum:A0201,"TypeScript JSX inventory: 115 interactive elements, zero missing handlers/empty links; Playwright credential flow"
P0,accessi-privacy,passed,"regola di precedenza tra password, sessione e dati locali;",addendum:A0467,ui-role-live touch 2/2: il server prevale e cancella token profilo ruolo e nome locali obsoleti
P0,accessi-privacy,passed,reinviarla con token differente;,addendum:A0326,Authenticated remote QA + mobile publication; preview a018a091; 2026-08-04
P0,accessi-privacy,passed,Revoca immediata di sessioni compromesse.,globale:T-0230,extended-p0-auth-lifecycle 28/28: revoca selettiva del secondo dispositivo e token respinto immediatamente con 401
P0,accessi-privacy,passed,Revocare il dispositivo mentre è aperta una finestra privata.,addendum:A0101,Playwright live role/revoke 1/1; preview a4b05356; 2026-08-04
P0,accessi-privacy,passed,"Revocare invito, se previsto.",usabilita:U0381,auth-lifecycle 40/40: il coordinatore revoca selettivamente un invito tramite identificativo non utilizzabile come token
P0,accessi-privacy,passed,Revocare un invito non ancora utilizzato.,globale:T-0779,auth-lifecycle 40/40: DELETE dell’invito pendente restituisce 200 e il successivo claim viene respinto
P0,accessi-privacy,passed,riceve soltanto contenuti autorizzati ai familiari;,addendum:A0146,Authenticated remote QA + mobile publication; preview a018a091; 2026-08-04
P0,accessi-privacy,passed,Ricezione invito.,globale:T-1233,ui-invite-misdelivery touch 2/2: invito personale ricevuto su telefono nuovo crea la sessione del profilo previsto
P0,accessi-privacy,pending,Richiedere invito personale.,usabilita:U0483,
P0,accessi-privacy,passed,Richiedere l’invito personale per collegare un dispositivo a un profilo.,globale:T-0038,QA 1.31.0: nuovo dispositivo collegato tramite invito personale monouso
P0,accessi-privacy,pending,Richiesta di nuovo accesso.,usabilita:U0488,
P0,accessi-privacy,passed,"Ridurre la durata della sessione, attualmente prevista fino a 90 giorni.",globale:T-0039,security-surface + auth-lifecycle 35/35: durata massima ridotta a 30 giorni e inattività massima a 21 giorni
P0,accessi-privacy,passed,Riprovare dopo autorizzazione dalle impostazioni.,usabilita:U0064,ui-location touch 1/1: dopo clear e nuovo grant la riprova invia e cancella la posizione
P0,accessi-privacy,pending,rispetta le autorizzazioni;,usabilita:U0684,
P0,accessi-privacy,passed,Risultato atteso: accesso negato.,globale:T-0331;usabilita:U0409,Authenticated remote QA: 18/18 applicable; preview a018a091; 2026-08-04
P0,accessi-privacy,passed,Risultato atteso: nessun contenuto privato visibile.,globale:T-0871,"authorization-matrix 55/55: stato pubblico=solo public, familiare=public+family, altro viaggiatore e coordinatore non vedono il private altrui"
P0,accessi-privacy,passed,Risultato atteso: sessione non valida.,globale:T-0765,access-session-boundaries 17/17 + auth-lifecycle 68/68: sessioni scadute alterate e revocate ricevono 401
P0,accessi-privacy,passed,Riutilizzare lo stesso invito su telefono B.,globale:T-0333,auth-lifecycle 61/61: claim concorrente su due telefoni consente un solo vincitore; riuso successivo respinto 403/409
P0,accessi-privacy,passed,Riutilizzare lo stesso invito.,usabilita:U0408,Authenticated remote QA: 18/18 applicable; preview a018a091; 2026-08-04
P0,accessi-privacy,passed,Ruotare il token dopo operazioni sensibili.,globale:T-0040,session-token-rotation 2/2 + auth-lifecycle 61/61: rotazione atomica e token precedente respinto | session-token-rotation 2/2 + auth-lifecycle 61/61: auth/refresh sostituisce atomicamente l’hash e restituisce una nuova credenziale legata allo stesso dispositivo
P0,accessi-privacy,pending,"Se la password del gruppo deve permettere la pubblicazione, creare una sessione Ospite/Familiare valida e controllata.",usabilita:U0002,
P0,accessi-privacy,pending,"Se può pubblicare, creare sessione Ospite.",usabilita:U0480,
P0,accessi-privacy,passed,Separare profilo pubblico e profilo privato.,globale:T-0052,production-smoke: stato pubblico separato dall'area privata
P0,accessi-privacy,passed,separato dall’accesso al gruppo;,addendum:A0360,ui-password-access touch 1/1: il codice comune apre solo la registrazione; la pubblicazione avviene dopo una sessione personale distinta
P0,accessi-privacy,passed,sessione A e dati locali del profilo B.,addendum:A0058,Playwright credential precedence 4/4; preview 06eec926; 2026-08-04
P0,accessi-privacy,passed,sessione A sulla risorsa A;,addendum:A0105,Authenticated remote QA + mobile publication; preview a018a091; 2026-08-04
P0,accessi-privacy,passed,sessione A sulla risorsa B;,addendum:A0106,resource-enumeration 17/17: sessione A non legge documento né dispositivo di B e non revoca la sessione B
P0,accessi-privacy,passed,sessione B sulla risorsa A;,addendum:A0107,Authenticated remote QA + mobile publication; preview a018a091; 2026-08-04
P0,accessi-privacy,passed,sessione mancante;,usabilita:U0493,"Playwright mobile: loading held, disabled state, duplicate click, HTTP 201, confirmation; preview 9393a1aa"
P0,accessi-privacy,passed,sessione revocata.,addendum:A0135;addendum:A0214,extended-p0-auth-lifecycle 28/28: logout e logout-all revocano immediatamente la sessione
P0,accessi-privacy,passed,sessione scaduta;,globale:T-1583;usabilita:U0494;addendum:A0134;addendum:A0166;addendum:A0213,QA 1.31.0: sessione inattiva respinta
P0,accessi-privacy,passed,sessione valida/non valida;,addendum:A0415,access-session-boundaries 17/17: sessione legata al dispositivo 200; assente scaduta o alterata 401
P0,accessi-privacy,passed,spiegare quale autorizzazione manca;,addendum:A0265,"ACCESS-DENIAL-MESSAGES + access-state-documentation 2/2: ogni diniego indica sessione, ruolo, proprietà o identità ospite mancante"
P0,accessi-privacy,passed,Tentare accesso a documento altrui.,globale:T-0624,extended-p0-documents: media privata negata ad altro viaggiatore
P0,accessi-privacy,passed,Tentare accesso diretto ai documenti.,usabilita:U0580,Authenticated remote QA: 18/18 applicable; preview a018a091; 2026-08-04
P0,accessi-privacy,passed,Tentare di creare un invito.,usabilita:U0623,Playwright mobile people/roles 1/1; preview 64167f5a; 2026-08-04
P0,accessi-privacy,passed,tentativo non autorizzato;,globale:T-1584,authorization-matrix 55/55: operazioni fuori ruolo ricevono 401/403 senza creare o modificare dati
P0,accessi-privacy,passed,test con password;,usabilita:U0718,ui-password-access touch 1/1: password corretta non emette una sessione né abilita documenti prima della registrazione
P0,accessi-privacy,passed,test con sessione scaduta;,usabilita:U0723,access-session-boundaries 17/17 + auth-lifecycle 68/68: sessione scaduta negata su stato e area privata
P0,accessi-privacy,passed,test delle autorizzazioni;,globale:T-0017,endpoint-authorization-inventory 2/2 + ui-endpoint-authorization-alignment 2/2 + authorization-matrix 59/59
P0,accessi-privacy,pending,test di accessibilità;,globale:T-0020,
P0,accessi-privacy,passed,test senza password;,usabilita:U0719,"ui-password-access touch 1/1: apertura pubblica senza password, area privata 401 e nessun comando documenti"
P0,accessi-privacy,passed,Toccare il pulsante Accesso.,usabilita:U0039,ui-password-access touch 1/1: pulsante Accedi azionato sul pannello mobile e transizione al modulo Entra nel gruppo
P0,accessi-privacy,passed,token revocato sulla risorsa A;,addendum:A0111,Live revoke command 403 + authenticated remote QA 20/20; preview a4b05356; 2026-08-04
P0,accessi-privacy,passed,Token revocato: 401.,usabilita:U0442,extended-p0-auth-lifecycle 28/28: token del secondo telefono revocato restituisce HTTP 401
P0,accessi-privacy,passed,token scaduto sulla risorsa A;,addendum:A0110,Authenticated remote QA + mobile publication; preview a018a091; 2026-08-04
P0,accessi-privacy,passed,Token scaduto: 401.,usabilita:U0441,Authenticated remote QA: 18/18 applicable; preview a018a091; 2026-08-04
P0,accessi-privacy,passed,tornando alla vista gruppo deve ricontrollare la sessione sul server;,addendum:A0281,ui-role-live touch 2/2: dopo revoca il Gruppo torna al gate e non mostra comandi privati
P0,accessi-privacy,passed,Tutti i partecipanti aprono il proprio invito.,globale:T-1735,ui-multi-invite-copy touch 1/1 ripetuto due volte: tre telefoni nuovi aprono i tre link e ricevono tre profile-id differenti e corretti
P0,accessi-privacy,passed,un link privato è accessibile senza sessione;,usabilita:U0698,Authenticated remote QA: 18/18 applicable; preview a018a091; 2026-08-04
P0,accessi-privacy,passed,un tasto autorizzato riceve 401 o 403;,addendum:A0217,authorization-matrix 59/59: nessuna operazione consentita riceve 401/403
P0,accessi-privacy,passed,un tasto non autorizzato riceve successo;,addendum:A0218,authorization-matrix 59/59: nessuna operazione vietata riceve successo
P0,accessi-privacy,passed,una revoca blocca immediatamente tutte le operazioni private;,addendum:A0453,extended-p0-auth-lifecycle 28/28: auth/session passa da 200 a 401 dopo la revoca
P0,accessi-privacy,passed,una sessione scaduta durante l’anteprima non deve recuperare i privilegi;,addendum:A0282,ui-role-live touch 2/2: sessione realmente scaduta resta Pubblico e non mostra documenti o griglia
P0,accessi-privacy,passed,una sessione scaduta non viene recuperata utilizzando silenziosamente un vecchio profilo locale;,addendum:A0064,ui-role-live touch 2/2: token profile-id ruolo e nome locali obsoleti vengono rimossi
P0,accessi-privacy,passed,uno screenshot della vista pubblica non deve mostrare dati privati.,addendum:A0284,Public-cache unit + delayed-state Playwright 6/6; preview 63b53987; 2026-08-04
P0,accessi-privacy,passed,Utilizzare il codice comune soltanto come invito iniziale al gruppo.,globale:T-0041,ui-password-access touch 1/1: il codice non viene conservato e non viene richiesto al compositore dopo la creazione del profilo
P0,accessi-privacy,passed,Utilizzare invito scaduto.,globale:T-0335;usabilita:U0412,extended-p0-auth-lifecycle 28/28: invito scaduto negato con HTTP 403
P0,accessi-privacy,passed,Utilizzare soltanto password di gruppo contro endpoint personali.,usabilita:U0579,access-session-boundaries 17/17 + authorization-matrix 59/59: password comune non apre area privata
P0,accessi-privacy,passed,Utilizzare token di un altro utente.,usabilita:U0576,Authenticated remote QA: 18/18 applicable; preview a018a091; 2026-08-04
P0,accessi-privacy,passed,Utilizzare token revocato.,globale:T-0627;usabilita:U0578,extended-p0-auth-lifecycle 28/28: token revocato negato con HTTP 401
P0,accessi-privacy,passed,Utilizzare token scaduto.,globale:T-0628;usabilita:U0577,Authenticated remote QA: 18/18 applicable; preview a018a091; 2026-08-04
P0,accessi-privacy,passed,Utilizzare un invito già consumato.,globale:T-0781,extended-p0-auth-lifecycle 28/28: riuso dell’invito consumato negato
P0,accessi-privacy,passed,Utilizzare un invito scaduto.,globale:T-0782,extended-p0-auth-lifecycle 28/28: invito oltre expires_at negato
P0,accessi-privacy,passed,utilizzo alternato di profile_id locale e profile_id della sessione.,addendum:A0411,ui-coordinator-grid touch 1/1: role e profile_id falsificati in localStorage vengono sostituiti dall’identità server senza privilegi coordinatore
P0,accessi-privacy,pending,Valutare cookie sicuro HttpOnly invece del token nel localStorage.,globale:T-0042,
P0,accessi-privacy,passed,vecchie funzioni basate soltanto sulla password;,addendum:A0399,security-surface 17/17: inventario sorgente prova che groupOk compare solo nei quattro endpoint iniziali; auth/unlock è disabilitato e il client non lo richiama
P0,accessi-privacy,passed,vecchio nome locale e nuova sessione;,addendum:A0057,Playwright credential precedence 4/4; preview 06eec926; 2026-08-04
P0,accessi-privacy,passed,vecchio profile_id e nuova sessione;,addendum:A0056,Playwright credential precedence 4/4; preview 06eec926; 2026-08-04
P0,accessi-privacy,passed,Verificare “Elimina” soltanto per proprietario o Coordinatore.,usabilita:U0279,"Playwright Galaxy S9+ su tre contesti: viaggiatore, familiare e pubblico; identità ospite server, like aggiunto/rimosso, commento creato/modificato/eliminato, sync automatica e comandi proprietà; preview c9d82d89; 2026-08-04"
P0,accessi-privacy,pending,Verificare accesso amministrativo con autenticazione a più fattori.,globale:T-1505,
P0,accessi-privacy,passed,Verificare accesso negato immediato.,globale:T-0336,extended-p0-auth-lifecycle 28/28: la sessione revocata restituisce 401 senza ritardo
P0,accessi-privacy,passed,Verificare accesso negato.,usabilita:U0414,access-session-boundaries 17/17: pubblico password comune token scaduto e token alterato sono negati
P0,accessi-privacy,passed,Verificare aggiornamento della sessione.,addendum:A0091,Playwright live role/revoke 1/1; preview a4b05356; 2026-08-04
P0,accessi-privacy,passed,Verificare aggiornamento delle autorizzazioni.,addendum:A0343,ui-role-live touch 2/2: promozione retrocessione e revoca aggiornano telefono e comandi
P0,accessi-privacy,passed,Verificare assenza di “Elimina” per utenti non autorizzati.,usabilita:U0280,"Playwright Galaxy S9+ su tre contesti: viaggiatore, familiare e pubblico; identità ospite server, like aggiunto/rimosso, commento creato/modificato/eliminato, sync automatica e comandi proprietà; preview c9d82d89; 2026-08-04"
P0,accessi-privacy,passed,Verificare autorizzazione server.,usabilita:U0424,Authenticated remote QA: 18/18 applicable; preview a018a091; 2026-08-04
P0,accessi-privacy,passed,Verificare che ciascun invito sia collegato alla persona corretta.,globale:T-0783,invite-link-privacy 3/3 + auth-lifecycle 61/61: profile_id letto dalla riga invito e confrontato col profilo restituito
P0,accessi-privacy,passed,Verificare che i dati sensibili non siano visibili senza autorizzazione.,globale:T-1191,access-session-boundaries 17/17 + authorization-matrix 59/59: area privata 401 senza sessione
P0,accessi-privacy,passed,Verificare che il Coordinatore gestisca i profili autorizzati.,globale:T-0355,"roles 20/20: creazione, modifica, promozione, retrocessione e inviti sono autorizzati lato server"
P0,accessi-privacy,passed,Verificare che il server utilizzi l’identità della sessione.,usabilita:U0172,Playwright mobile UI + HTTP 201 + production-smoke identity; preview 4bc152c6; 2026-08-04
P0,accessi-privacy,passed,Verificare che il token non funzioni più.,globale:T-0339,extended-p0-auth-lifecycle 28/28: token del dispositivo revocato respinto da auth/session
P0,accessi-privacy,passed,Verificare che il token non rimanga nella cronologia o nei log applicativi.,globale:T-0786,invite-link-privacy 3/3: barra ripulita prima del fetch e segreto mai inviato nella query
P0,accessi-privacy,passed,Verificare che il vecchio token non funzioni più.,usabilita:U0055,auth-lifecycle 61/61: immediatamente dopo il rinnovo il token precedente restituisce HTTP 401 e quello nuovo HTTP 200
P0,accessi-privacy,passed,Verificare che il vecchio token non funzioni.,globale:T-1329,auth-lifecycle 61/61: vecchio token HTTP 401 e nuovo token HTTP 200 | auth-lifecycle 61/61: credenziale precedente respinta dal server dopo la rotazione atomica
P0,accessi-privacy,passed,Verificare che l’invito funzioni una sola volta.,globale:T-0340,auth-lifecycle 61/61: UPDATE atomico used_at consente un claim e respinge concorrenza e riuso
P0,accessi-privacy,passed,Verificare che le sessioni rimangano valide o siano revocate in modo controllato.,globale:T-1177,"extended-p0-auth-lifecycle 28/28: revoca selettiva mantiene il dispositivo corrente, logout-all invalida tutte le sessioni"
P0,accessi-privacy,passed,Verificare che pagine pubbliche eventualmente incorporabili siano separate da quelle private.,globale:T-1490,production-smoke live: HTML limitato alla stessa origine; API private con frame-ancestors none e no-store
P0,accessi-privacy,passed,Verificare contenuti autorizzati.,usabilita:U0096,access-session-boundaries 17/17 + authorization-matrix 59/59: proprietario autenticato apre la propria area
P0,accessi-privacy,passed,Verificare creazione della sessione.,usabilita:U0406,Authenticated remote QA: 18/18 applicable; preview a018a091; 2026-08-04
P0,accessi-privacy,passed,Verificare dati dopo revoca della sessione.,globale:T-1625,auth-lifecycle 32/32: token revocato restituisce 401 e tutte le sottoscrizioni push del profilo vengono eliminate
P0,accessi-privacy,passed,Verificare eliminazione degli inviti.,globale:T-1331,auth-lifecycle 40/40: invito revocato rimosso dal database; viaggiatore non autorizzato riceve 403
P0,accessi-privacy,passed,Verificare eliminazione delle sessioni.,globale:T-1335,extended-p0-auth-lifecycle 28/28: dispositivo revocato scompare dall’elenco delle sessioni attive
P0,accessi-privacy,passed,Verificare emissione di un nuovo token.,addendum:A0338,auth-lifecycle 68/68: nuovo invito e refresh emettono token nuovi e differenti
P0,accessi-privacy,passed,Verificare esecuzione dell’accesso.,usabilita:U0046,ui-role-live touch 2/2: tre inviti personali collegano due telefoni viaggiatore e uno coordinatore
P0,accessi-privacy,passed,Verificare impossibilità di utilizzare la cronologia del browser per tornare nella dashboard autorizzata.,addendum:A0100,ui-role-live touch 2/2: indietro dopo revoca mantiene sessione nulla e gate privato
P0,accessi-privacy,pending,Verificare informazioni autorizzate.,usabilita:U0366,
P0,accessi-privacy,passed,"Verificare intestazione private, no-store.",globale:T-0488,access-session-boundaries 17/17: no-store verificato su dinieghi stato sessione e area privata autorizzata
P0,accessi-privacy,passed,Verificare invalidazione dell’eventuale token temporaneo precedente.,addendum:A0339,"ui-stale-password-session touch 1/1 ripetuto due volte: token scaduto e identità locale fittizia rimossi prima della password; registrazione emette token e profilo nuovi, separati e persistenti al refresh"
P0,accessi-privacy,passed,Verificare la regola prevista per il riutilizzo del token.,globale:T-0770,ui-multi-invite-copy touch + auth-lifecycle: ciascuno dei tre inviti crea una sola sessione; il riuso riceve 403/409 e resta Pubblico
P0,accessi-privacy,passed,"Verificare mantenimento dell’accesso, se previsto.",usabilita:U0052,ui-password-access touch 1/1: refresh completo conserva la sessione personale e riapre la scheda del proprietario
P0,accessi-privacy,passed,Verificare mantenimento della sessione.,globale:T-0318,auth-lifecycle 35/35: rinnovo mantiene lo stesso token valido sul dispositivo e aggiorna la scadenza oltre 29 giorni
P0,accessi-privacy,passed,Verificare messaggio di accesso riuscito.,usabilita:U0042,ui-password-access touch 1/1: messaggio Telefono collegato al nuovo profilo verificato dopo risposta 201
P0,accessi-privacy,passed,Verificare nessun URL permanente condivisibile senza sessione.,globale:T-1006,"ui-private-browser-session touch 1/1: invito rimosso dall’URL; lo stesso URL ripulito aperto in un nuovo contesto non trasferisce token, profilo o accesso"
P0,accessi-privacy,passed,Verificare privacy dei dati sul profilo pubblico.,globale:T-0359,production-smoke: nessun campo privato nei profili pubblici
P0,accessi-privacy,passed,Verificare privacy del testo mostrato sul blocco schermo.,globale:T-0532,push-audience 5/5: testo group/private escluso dalle sottoscrizioni pubbliche o familiari non autorizzate
P0,accessi-privacy,passed,Verificare quale invito rimane valido.,globale:T-0789,auth-lifecycle 40/40: un invito revocato è invalido mentre il secondo invito dello stesso profilo resta utilizzabile una sola volta
P0,accessi-privacy,passed,Verificare revoca automatica di tutte le sessioni del profilo.,globale:T-0772,profile-deletion 40/40: tutte le auth_sessions del profilo eliminate nella stessa transazione D1
P0,accessi-privacy,passed,Verificare richiesta di nuovo accesso.,globale:T-0773,ui-invite-misdelivery touch 2/2: token realmente scaduto rimosso e nuovo invito valido collegato senza gara con la verifica precedente
P0,accessi-privacy,passed,Verificare rimozione del token dall’URL.,usabilita:U0407,Playwright mobile UI + HTTP 201 + production-smoke identity; preview 4bc152c6; 2026-08-04
P0,accessi-privacy,passed,Verificare rimozione dell’accesso.,usabilita:U0054,auth-lifecycle 68/68: logout revoca dispositivo e logout-all invalidano immediatamente le sessioni
P0,accessi-privacy,passed,Verificare sessioni precedenti.,globale:T-1041,"extended-p0-auth-lifecycle 28/28: due sessioni iniziali rilevate, una revocata selettivamente e la restante chiusa con logout-all"
P0,accessi-privacy,passed,Verificare token differente.,addendum:A0341,auth-lifecycle 68/68: il nuovo accesso produce un token diverso dal precedente
P0,accessi-privacy,passed,Verificare VAPID_PRIVATE_KEY.,globale:T-1520,"vapid-secret-boundary + scan-client-secrets: chiave privata solo nel binding Worker, assente da endpoint config, client, Wrangler e bundle"
P0,accessi-privacy,passed,Viaggiatore non proprietario;,addendum:A0132,resource-enumeration 17/17: altro viaggiatore non vede metadati del documento e riceve diniego non enumerabile
P0,accessi-privacy,passed,Viaggiatore proprietario;,addendum:A0131,"resource-enumeration 17/17: proprietario apre e cancella il proprio PDF, mentre gli altri ruoli restano esclusi"
P0,accessi-privacy,passed,Visualizzazione contenuti autorizzati.,globale:T-1239,access-session-boundaries 17/17 + authorization-matrix 59/59: risposta privata contiene il viewer derivato dalla sessione
P0,altro,passed,"A elimina il post, B lo vede scomparire.",usabilita:U0558,Authenticated remote QA: 18/18 applicable; preview a018a091; 2026-08-04
P0,altro,passed,Avvisare gli utenti prima dell’eliminazione.,globale:T-1336,ui-documents QA: finestra Eliminare questo documento? mostrata prima del DELETE
P0,altro,passed,Confermare eliminazione.,usabilita:U0283,"ui-documents QA: Annulla conserva il file, Elimina conferma la rimozione"
P0,altro,passed,contenuto eliminato;,usabilita:U0511,"extended-p0-sync-delete: contenuto rimosso e assente su pubblico, proprietario e secondo dispositivo"
P0,altro,pending,Definire se i contenuti vengono eliminati o anonimizzati.,globale:T-1320,
P0,altro,pending,"Eliminare dallo ZIP le cartelle node_modules, .git, .wrangler e dist, se deve essere ricostruita automaticamente.",globale:T-0005,
P0,altro,pending,Eliminare dallo ZIP le cartelle:,globale:T-0006,
P0,altro,pending,Eliminare i dati del browser.,globale:T-0859,
P0,altro,passed,Eliminare il post.,globale:T-0400,extended-p0-sync-delete: eliminazione reale propagata
P0,altro,pending,Eliminare subscription inattive.,globale:T-1349,
P0,altro,passed,Eliminare un proprio post.,usabilita:U0281,Authenticated remote QA: 18/18 applicable; preview a018a091; 2026-08-04
P0,altro,pending,Eliminare.,globale:T-0448;usabilita:U0222,
P0,altro,passed,eliminati;,addendum:A0352,Authenticated deleted-upload retry 404; preview a4b05356; 2026-08-04
P0,altro,passed,Eliminazione mentre un altro dispositivo legge.,globale:T-0572,extended-p0-sync-delete: post visibile sul secondo dispositivo poi rimosso
P0,altro,passed,eliminazione post altrui;,globale:T-0736,QA 1.31.0: attacco eliminazione post altrui respinto
P0,altro,passed,eliminazione post proprio;,globale:T-0737,extended-p0-media-delete: proprietario elimina il proprio post con tre media
P0,altro,pending,Errore durante eliminazione multipla.,globale:T-1149,
P0,altro,pending,indicare esattamente cosa verrà eliminato;,addendum:A0252,
P0,altro,pending,Inviare notifica relativa a un contenuto successivamente eliminato.,globale:T-0866,
P0,altro,pending,Mostrare chiaramente quali dati verranno eliminati.,globale:T-1321,
P0,altro,pending,nessuna funzione esistente è stata eliminata;,globale:T-0684,
P0,altro,pending,nessuna pressione del tasto Indietro confermi l’eliminazione;,addendum:A0263,
P0,altro,pending,Permettere all’utente di eliminare elementi dalla coda.,globale:T-0847,
P0,altro,pending,possibilità di eliminarli.,addendum:A0372,
P0,altro,passed,post eliminato;,globale:T-1574,extended-p0-sync-delete: post eliminato e stato finale senza residui
P0,altro,passed,prima dell’eliminazione;,addendum:A0115,Authenticated remote QA + mobile publication; preview a018a091; 2026-08-04
P0,altro,pending,Produrre un resoconto dei dati eliminati.,globale:T-1350,
P0,altro,passed,Protezione contro eliminazione di post altrui.,globale:T-0223,QA 1.31.0: secondo viaggiatore non puo eliminare il post altrui
P0,altro,passed,reinviarla dopo eliminazione della risorsa.,addendum:A0330,Authenticated deleted-upload retry 404; preview a4b05356; 2026-08-04
P0,altro,passed,Tentare clickjacking sui pulsanti Elimina.,globale:T-1488,production-smoke live: l’app non è incorporabile da origini esterne e le API non sono incorporabili
P0,altro,passed,Tentare eliminazione di un post altrui.,usabilita:U0292,Authenticated remote QA: 18/18 applicable; preview a018a091; 2026-08-04
P0,altro,passed,Tentare eliminazione diretta di post altrui.,usabilita:U0581,Authenticated remote QA: 18/18 applicable; preview a018a091; 2026-08-04
P0,altro,passed,Tentare eliminazione post altrui.,globale:T-0625,QA 1.31.0: eliminazione post altrui negata con HTTP 403
P0,altro,passed,un contenuto è stato eliminato da un altro dispositivo;,addendum:A0304,extended-p0-sync-delete: secondo dispositivo rileva la rimozione del post
P0,altro,passed,Verificare che l’aggiornamento non elimini dati o bozze.,globale:T-0314,L1 migrazioni additive e ui-critical: token invalido rimosso conservando integralmente la bozza
P0,altro,pending,Verificare che la pulizia automatica non elimini dati ancora validi.,globale:T-1351,
P0,altro,passed,Verificare eliminazione dei file non più collegati.,globale:T-0803,document-concurrency e media-delete: chiavi sostituite o scollegate non sono più raggiungibili
P0,altro,passed,Verificare eliminazione del precedente.,usabilita:U0430,document-concurrency 18/18: chiave PDF precedente non raggiungibile dopo la sostituzione
P0,altro,passed,Verificare eliminazione del vecchio file.,globale:T-0487,extended-p0-avatar-replacement e document-concurrency: vecchia chiave MEDIA rimossa
P0,altro,passed,Verificare eliminazione dell’avatar.,globale:T-1333,"profile-deletion locale 40/40: avatar reale caricato, profilo eliminato e URL pubblico restituisce 404"
P0,altro,passed,Verificare eliminazione della subscription Push.,globale:T-1619,profile-deletion locale 40/40 + QA live 17/17: sottoscrizione reale inserita e cancellata insieme al profilo
P0,altro,passed,Verificare eliminazione della subscription.,globale:T-0878,profile-deletion 40/40: record push_subscriptions rimosso dalla cascata atomica
P0,altro,passed,Verificare eliminazione di tutti i file collegati.,globale:T-0418,"extended-p0-media-delete: JPEG, MP3 e MP4 collegati al post tutti rimossi"
P0,altro,passed,Verificare eliminazione su tutti i dispositivi.,globale:T-0419,extended-p0-sync-delete: eliminazione propagata e verificata su tre viste separate
P0,altro,pending,Verificare incremento della versione per eliminazione.,globale:T-1033,
P0,altro,pending,Verificare log di eliminazione.,globale:T-1004,
P0,altro,pending,Verificare se i metadati vengono conservati o eliminati.,globale:T-1439,
P0,documenti,pending,"Aggiornare README e documentazione, ancora riferiti a versioni precedenti.",globale:T-0001,
P0,documenti,passed,apertura documento altrui;,globale:T-0724,extended-p0-documents: media privata negata ad altro viaggiatore
P0,documenti,passed,apertura documento proprio;,globale:T-0725,extended-p0-documents: proprietario apre il PDF
P0,documenti,passed,Aprire documenti.,usabilita:U0071,ui-documents QA mobile: apertura ripetuta di 10 PDF reali con rendering canvas verificato
P0,documenti,passed,Aprire documento.,globale:T-0475,ui-documents QA mobile: visualizzatore PDF aperto e contenuto renderizzato
P0,documenti,passed,Aprire lo stesso documento da due dispositivi.,globale:T-0988,document-concurrency 18/18: proprietario e coordinatore aprono simultaneamente lo stesso PDF
P0,documenti,passed,Aprire ogni documento.,usabilita:U0451,ui-documents QA mobile: ciascuno dei 10 PDF caricati viene aperto e verificato
P0,documenti,pending,area documenti;,addendum:A0119,
P0,documenti,passed,"B carica documento, Coordinatore vede aggiornamento.",usabilita:U0559,ui-documents QA: viaggiatore carica Visto e Biglietti; dashboard coordinatore passa live 1/4→3/4
P0,documenti,pending,Bacheca → profilo → documenti → indietro.,globale:T-1411,
P0,documenti,pending,Calcolare spazio necessario per documenti.,globale:T-1531,
P0,documenti,passed,Caricamento documenti.,globale:T-1207,ui-documents QA mobile: upload PDF reali con risposta 200 e stato Presente
P0,documenti,pending,caricamento documento altrui;,globale:T-0728,
P0,documenti,passed,caricamento documento proprio;,globale:T-0729,ui-documents QA ed extended-p0-documents: proprietario carica nel proprio profilo
P0,documenti,passed,caricamento documento;,usabilita:U0547,ui-documents QA: caricamenti PDF reali ripetuti e verificati lato UI/API
P0,documenti,passed,Caricare documento dal telefono del Viaggiatore.,usabilita:U0447,Playwright su due Galaxy separati: caricamento eseguito dal dispositivo viaggiatore; preview c90ec547; 2026-08-04
P0,documenti,passed,Caricare passaporto.,globale:T-0478;usabilita:U0416,Playwright su due Galaxy: PDF reale caricato dal viaggiatore con risposta server 200; preview c90ec547; 2026-08-04
P0,documenti,passed,Caricare quattro documenti dal telefono B.,globale:T-0695,"document-concurrency 18/18: sessione mobile isolata carica Passaporto, Visto, Biglietti e Assicurazione"
P0,documenti,pending,Caricare una fotografia del passaporto verticale.,globale:T-0995,
P0,documenti,passed,Confrontare numero di documenti.,globale:T-1160,document-concurrency 18/18: stato privato contiene esattamente quattro slot dopo quattro upload
P0,documenti,pending,"Consegnare uno ZIP pulito contenente sorgenti, configurazioni, migrazioni e documentazione.",globale:T-0004,
P0,documenti,passed,Controllo documenti del gruppo.,globale:T-1212,ui-documents QA: dashboard coordinatore mostra lo stato documentale del viaggiatore
P0,documenti,passed,Dashboard documenti.,usabilita:U0658,ui-documents QA: dashboard coordinatore visibile e aggiornata senza refresh
P0,documenti,pending,Deep link del documento.,globale:T-0241,
P0,documenti,pending,Definire per quanto tempo vengono conservati i documenti.,globale:T-1343,
P0,documenti,passed,Descrizione dello stato dei documenti.,globale:T-1065,"ui-documents QA: stati Non ancora caricato, Presente e conteggi 0/4–3/4 verificati"
P0,documenti,passed,deve nascondere immediatamente documenti e posizioni;,addendum:A0279,"ui-coordinator-grid touch ripetuto due volte: nel contesto Pubblico sono assenti Documenti, Condividi posizione e Cancella posizione; /api/private risponde 401"
P0,documenti,pending,Documentare e applicare una regola unica.,globale:T-0700,
P0,documenti,pending,Documentare procedura e tempo di rollback.,globale:T-1172,
P0,documenti,passed,Documentare tempo necessario al ripristino.,globale:T-1165,verify-d1-backup: tempo di ripristino misurato automaticamente
P0,documenti,pending,documentato come funzione non completata.,addendum:A0197,
P0,documenti,pending,documenti essenziali disponibili;,globale:T-1753,
P0,documenti,passed,Documenti propri.,usabilita:U0645,extended-p0-documents: il proprietario vede i propri documenti; altro viaggiatore no
P0,documenti,pending,documenti;,addendum:A0075,
P0,documenti,passed,Documento → visualizzatore → indietro.,globale:T-1412,"ui-documents QA mobile: Apri, rendering PDF, Chiudi documento e ritorno alla scheda"
P0,documenti,passed,documento aperto;,globale:T-1560,ui-documents QA mobile: overlay visibile e canvas PDF non vuoto
P0,documenti,passed,documento caricato;,globale:T-1561,"ui-documents QA: POST 200, nome file e stato Presente verificati"
P0,documenti,passed,documento eliminato;,globale:T-1562,ui-documents QA: conferma DELETE 200 e ritorno a Non ancora caricato
P0,documenti,passed,documento scaricato;,globale:T-1563,ui-documents QA: evento download e nome file documento-reale-10.pdf verificati
P0,documenti,passed,documento sostituito;,globale:T-1564,"ui-documents QA: 10 cicli sullo stesso tipo documento, ogni nuova versione aperta correttamente"
P0,documenti,passed,Eliminare documento.,globale:T-0481;usabilita:U0449,Playwright: eliminazione eseguita dal proprietario e confermata dal server; preview c90ec547; 2026-08-04
P0,documenti,passed,Eliminare il documento durante un download.,globale:T-0998,document-concurrency 18/18: GET e DELETE concorrenti terminano con record e media assenti
P0,documenti,pending,Eliminare un documento dal telefono B.,globale:T-0701,
P0,documenti,passed,eliminazione documento altrui;,globale:T-0734,extended-p0-documents: DELETE altrui 403
P0,documenti,passed,eliminazione documento proprio;,globale:T-0735,extended-p0-documents: DELETE proprio 200 e file rimosso
P0,documenti,pending,Errore durante sostituzione documento.,globale:T-1150,
P0,documenti,pending,Eseguire backup mentre vengono caricati documenti.,globale:T-1167,
P0,documenti,passed,Il Coordinatore controlla i documenti.,globale:T-1728,ui-documents QA: coordinatore apre dalla dashboard il PDF del viaggiatore
P0,documenti,passed,Impossibilità di vedere documenti altrui.,usabilita:U0650,extended-p0-documents: stato privato e media negati all’altro viaggiatore
P0,documenti,pending,la visualizzazione dei documenti sia separata dalla gestione dei ruoli;,addendum:A0381,
P0,documenti,pending,Misurare caricamento documento.,globale:T-0586,
P0,documenti,pending,Modificare document profile_id.,usabilita:U0574,
P0,documenti,pending,nessun contenuto completo del documento;,globale:T-1569,
P0,documenti,pending,nessuna funzione dichiarata nella documentazione sia assente dall’interfaccia;,addendum:A0019,
P0,documenti,passed,Non cancellare documenti o bozze senza conferma.,globale:T-0845,ui-documents QA: Annulla mantiene il PDF; solo la successiva conferma esegue DELETE
P0,documenti,pending,Non compromettere documenti e funzioni essenziali.,globale:T-1650,
P0,documenti,pending,non deve contenere documenti;,addendum:A0423,
P0,documenti,pending,non deve vedere documenti;,usabilita:U0027,
P0,documenti,pending,non esistono documenti;,addendum:A0301,
P0,documenti,pending,Non mostrare dati dei documenti nella notifica.,globale:T-1353,
P0,documenti,pending,Non mostrare numeri di passaporto.,globale:T-1354,
P0,documenti,passed,non riceve dati dei documenti;,addendum:A0143,Authenticated remote QA + mobile publication; preview a018a091; 2026-08-04
P0,documenti,passed,non riceve documenti;,addendum:A0148,Authenticated remote QA + mobile publication; preview a018a091; 2026-08-04
P0,documenti,pending,Non visualizzare documenti.,usabilita:U0363;usabilita:U0367,
P0,documenti,pending,Notifica per documento mancante o aggiornato.,globale:T-0084,
P0,documenti,pending,Ogni documento deve essere collegato a un profilo esistente.,globale:T-1016,
P0,documenti,passed,ogni Viaggiatore vede soltanto i propri documenti;,globale:T-0686,"extended-p0-documents: owner vede il file, secondo viaggiatore non vede record né media"
P0,documenti,passed,PDF nei documenti.,globale:T-0439,ui-documents QA mobile: 10 PDF reali renderizzati con PDF.js su Samsung e iPhone
P0,documenti,pending,"Preferenze separate per post, commenti, reazioni, documenti e posizione.",globale:T-0090,
P0,documenti,pending,protezione dei documenti;,globale:T-1796,
P0,documenti,passed,Prova di ripristino documentata.,globale:T-0639,verify-d1-backup: procedura ripetibile di ripristino documentata nel repository
P0,documenti,pending,quali profili hanno documenti;,addendum:A0355,
P0,documenti,passed,quanti documenti esistono;,addendum:A0354,Public private-state 401 and minimized state; authenticated remote QA 20/20; preview a4b05356; 2026-08-04
P0,documenti,passed,riceve soltanto i propri documenti;,addendum:A0150,Authenticated remote QA + mobile publication; preview a018a091; 2026-08-04
P0,documenti,passed,Scaricare documento.,globale:T-0485;usabilita:U0425,Playwright mobile: evento download ricevuto dopo comando Scarica; preview c90ec547; 2026-08-04
P0,documenti,passed,Sostituire contemporaneamente lo stesso documento da due telefoni.,globale:T-0799,document-concurrency 18/18: due upload concorrenti ordinati dal batch D1 atomico
P0,documenti,passed,Sostituire documento.,globale:T-0486;usabilita:U0428,ui-documents QA: sostituzione ripetuta del Passaporto con nuovo nome e contenuto apribile
P0,documenti,passed,Sostituire il documento.,globale:T-0706,ui-documents QA: nuovo PDF caricato sullo stesso slot dopo eliminazione
P0,documenti,passed,Sostituire più volte lo stesso documento.,globale:T-1000,ui-documents QA: dieci iterazioni consecutive sullo stesso slot Passaporto
P0,documenti,pending,Sostituzione documento durante il download.,globale:T-0573,
P0,documenti,pending,sostituzione documento;,usabilita:U0548,
P0,documenti,passed,Tentare clickjacking su Carica documento.,globale:T-1486,production-smoke live: pagina X-Frame-Options SAMEORIGIN e CSP frame-ancestors self; API frame-ancestors none
P0,documenti,pending,Tentare di aprire documenti.,usabilita:U0620;usabilita:U0635,
P0,documenti,passed,Tornare da un documento.,globale:T-0975,ui-documents QA mobile: Chiudi documento elimina l’overlay e ripristina la schermata documenti
P0,documenti,passed,trovare i propri documenti;,globale:T-1786,ui-documents QA ed extended-p0-documents: record proprio trovato nella scheda e nello stato privato
P0,documenti,pending,un documento indicato dal database non esiste nell’archivio;,addendum:A0306,
P0,documenti,pending,Un solo documento dopo dieci retry.,globale:T-0141,
P0,documenti,passed,un Viaggiatore può vedere documenti altrui;,usabilita:U0690,Authenticated remote QA: 18/18 applicable; preview a018a091; 2026-08-04
P0,documenti,passed,Verifica documenti ripristinati.,globale:T-0643,verify-d1-backup: 14 documenti ripristinati e leggibili
P0,documenti,pending,Verificare apertura di ogni documento ripristinato.,globale:T-1170,
P0,documenti,pending,Verificare che i vecchi link ai documenti non funzionino.,globale:T-1326,
P0,documenti,pending,"Verificare che il Coordinatore possa moderare, se previsto.",usabilita:U0294,
P0,documenti,pending,Verificare che il dispositivo revocato non possa più aprire documenti.,globale:T-0767,
P0,documenti,passed,Verificare che il pubblico non veda documenti.,globale:T-0337,production-smoke: area documenti privata restituisce 401 al pubblico
P0,documenti,pending,"Verificare che non vi siano differenze tra itinerario, mappe e documenti.",globale:T-1269,
P0,documenti,passed,Verificare che rimanga un solo documento valido.,globale:T-0800,"document-concurrency 18/18: un solo record Passaporto, chiave corrente accessibile e precedente rimossa"
P0,documenti,pending,Verificare documenti corretti.,globale:T-1606,
P0,documenti,pending,Verificare documenti precedenti conservati.,globale:T-1032,
P0,documenti,passed,Verificare eliminazione dei documenti.,globale:T-1332,document-concurrency 18/18: record e media eliminati per tutti e quattro i tipi
P0,documenti,pending,Verificare impossibilità di aprire documenti già non disponibili offline.,globale:T-1620,
P0,documenti,pending,Verificare nessun documento nella cache del browser.,globale:T-0491,
P0,documenti,passed,Verificare nuovo documento.,usabilita:U0429,document-concurrency 18/18: nuova chiave PDF accessibile dopo sostituzione e diversa dalla precedente
P0,documenti,pending,Verificare quali documenti restano memorizzati.,globale:T-1630,
P0,documenti,passed,Verificare quattro documenti per persona.,usabilita:U0445,Playwright mobile: griglia del viaggiatore espone conteggio su quattro documenti e Passaporto nominativo; preview c90ec547; 2026-08-04
P0,documenti,passed,Viaggiatore A apre documento A.,usabilita:U0438,Authenticated remote QA: 18/18 applicable; preview a018a091; 2026-08-04
P0,documenti,passed,Viaggiatore A tenta documento B: 403.,usabilita:U0439,Authenticated remote QA: 18/18 applicable; preview a018a091; 2026-08-04
P0,documenti,passed,Viaggiatore A: impossibile aprire documento B.,globale:T-0493,extended-p0-documents: HEAD media di A dal token B non restituisce 200
P0,documenti,passed,Viaggiatore A: soltanto documenti A.,globale:T-0494,extended-p0-documents: /api/private del viaggiatore esclude i documenti dell’altro profilo
P0,mappe-posizione,pending,Eliminare automaticamente le posizioni non più necessarie.,globale:T-1346,
P0,mappe-posizione,pending,nessun tasto Elimina occupi la posizione normalmente usata da Annulla;,addendum:A0262,
P0,mappe-posizione,passed,Verifica posizioni ripristinate.,globale:T-0646,verify-d1-backup: posizione ripristinata
P0,mappe-posizione,passed,Verificare eliminazione della posizione.,globale:T-1334,"extended-p0-location: proprietario elimina, altri utenti non possono eliminare"
P0,mappe-posizione,passed,Verificare la posizione dal telefono del Coordinatore.,globale:T-0720,extended-p0-location: coordinatore e viaggiatore autenticato vedono la posizione condivisa
P0,media-upload,passed,Backup archivio MEDIA.,globale:T-0634,"KV QA reale: fixture esportata in binario nella cartella Manuale con SHA-256, eliminata, ripristinata e riletta byte per byte"
P0,media-upload,passed,"Coordinatore cambia ruolo, permessi aggiornati immediatamente.",usabilita:U0563,Playwright live role/revoke 1/1; preview a4b05356; 2026-08-04
P0,media-upload,passed,"Eliminando un post, eliminare media, commenti e reazioni.",globale:T-1010,extended-p0-media-delete: cascata completa e stato pulito su tre viste
P0,media-upload,passed,Eliminare un post già caricato.,globale:T-1680,extended-p0-media-delete: post con tre media eliminato dal proprietario
P0,media-upload,passed,Interruzione del database durante un upload.,globale:T-1152,fault injection persistUploadPart: caduta D1 dopo KV elimina il frammento orfano; retry riuscito; percorso QA chunk 12/12
P0,media-upload,passed,Interruzione dell’archivio MEDIA dopo salvataggio del database.,globale:T-1153,fault injection persistUploadPart: caduta MEDIA non registra la parte; sessione D1 resta ripetibile; retry live QA riuscito
P0,media-upload,passed,Verifica media ripristinati.,globale:T-0645,"test-kv-media-backup-restore: 75 byte ripristinati, SHA-256 ce646339…c320d29 identico, fixture poi ripulita"
P0,media-upload,passed,Verificare che la dashboard del Coordinatore passi immediatamente a 3/4.,globale:T-0717,"ui-documents QA: due telefoni reali simulati, passaggio live 1/4→3/4 senza refresh su S20 FE, Samsung vecchio e iPhone piccolo"
P0,media-upload,passed,Verificare eliminazione degli audio.,usabilita:U0288,extended-p0-media-delete: MP3 non più raggiungibile dopo DELETE
P0,media-upload,passed,Verificare eliminazione dei video.,usabilita:U0287,extended-p0-media-delete: MP4 non più raggiungibile dopo DELETE
P0,media-upload,passed,Verificare eliminazione della vecchia fotografia.,globale:T-0358,"extended-p0-avatar-replacement: sostituzione reale su QA, nuova foto disponibile e vecchia chiave MEDIA non più raggiungibile"
P0,media-upload,passed,Verificare eliminazione delle fotografie.,usabilita:U0286,extended-p0-media-delete: JPEG non più raggiungibile dopo DELETE
P0,media-upload,passed,Verificare perdita immediata dei privilegi da Coordinatore.,globale:T-0771,extended-p0-roles: retrocessione live; il token già aperto perde immediatamente inviti e modifica profili
P0,media-upload,passed,Verificare scomparsa immediata dei comandi da Coordinatore.,addendum:A0097,Playwright live role/revoke 1/1; preview a4b05356; 2026-08-04
P0,persistenza,pending,aggiorna il database;,usabilita:U0676,
P0,persistenza,pending,Applicare le migrazioni una alla volta.,globale:T-1026,
P0,persistenza,passed,assenza di perdita dati.,globale:T-1109,baseline D1 2026-08-05: conteggi produzione invariati prima/dopo
P0,persistenza,passed,Backup D1.,globale:T-0635,backup D1 pre-1.29.0 esportato e verificato
P0,persistenza,pending,Backup delle chiavi Push.,globale:T-0636,
P0,persistenza,pending,Backup delle configurazioni.,globale:T-0637,
P0,persistenza,passed,backup e ripristino;,globale:T-1791,backup e ripristino D1 verificati end-to-end
P0,persistenza,passed,backup eseguito;,globale:T-1749,backup eseguito con impronta SHA-256 verificata
P0,persistenza,pending,Backup non eseguito.,globale:T-1542,
P0,persistenza,pending,controlli database;,usabilita:U0715,
P0,persistenza,pending,controlli eventuale modifica del database.,addendum:A0208,
P0,persistenza,pending,Controllo database,usabilita:U0038,
P0,persistenza,pending,Creare un database dalla schema completa.,globale:T-1027,
P0,persistenza,pending,Creare un database partendo dalla prima versione.,globale:T-1028,
P0,persistenza,pending,database non disponibile;,usabilita:U0508,
P0,persistenza,passed,dati database prima e dopo;,globale:T-1246,"baseline D1 2026-08-05: 4 profili, 1 post, 2 documenti invariati"
P0,persistenza,pending,Eliminazione della subscription dal database quando l’utente le disattiva.,globale:T-0078,
P0,persistenza,pending,Errore database.,globale:T-1546,
P0,persistenza,pending,Eseguire backup mentre vengono creati post.,globale:T-1168,
P0,persistenza,passed,Eseguire backup prima di ogni migrazione di produzione.,globale:T-1029,backup D1 creato e verificato prima della migrazione 0013
P0,persistenza,passed,esistono backup e ripristino;,globale:T-0667,export D1 verificato e precedente backup ripristinato su SQLite temporaneo
P0,persistenza,passed,il database deve registrare il risultato;,addendum:A0030,Authenticated remote QA + mobile publication; preview a018a091; 2026-08-04
P0,persistenza,passed,il database non deve essere modificato;,addendum:A0034,Authenticated remote QA + mobile publication; preview a018a091; 2026-08-04
P0,persistenza,pending,il database non riceva valori non validi;,globale:T-1292,
P0,persistenza,pending,Interruzione del database dopo salvataggio del file.,globale:T-1151,
P0,persistenza,pending,Migrazione non riuscita.,globale:T-1550,
P0,persistenza,pending,nessun dato precedente ripristinato erroneamente.,usabilita:U0568,
P0,persistenza,passed,nessuna modifica al database;,usabilita:U0584,Authenticated remote QA: 18/18 applicable; preview a018a091; 2026-08-04
P0,persistenza,pending,nessuna modifica nel database;,globale:T-0748,
P0,persistenza,pending,Non devono esistere riferimenti nel database a file mancanti.,globale:T-1013,
P0,persistenza,pending,"ogni requisito è collegato a tasto, API, database e test;",addendum:A0460,
P0,persistenza,pending,Preferiti salvati nel database.,globale:T-0266,
P0,persistenza,pending,Query database,globale:T-0287,
P0,persistenza,passed,Registrazione data e ora backup.,globale:T-0640,"backup D1 registrato con data, ora e impronta SHA-256"
P0,persistenza,passed,Ripristinare il backup in un ambiente vuoto.,globale:T-1169,verify-d1-backup: export importato in database temporaneo vuoto
P0,persistenza,passed,Ripristino in ambiente di prova.,globale:T-0641,verify-d1-backup: ripristino eseguito in database temporaneo vuoto
P0,persistenza,pending,tabella requisito → tasto → API → database → test;,addendum:A0480,
P0,persistenza,passed,test backup e ripristino;,usabilita:U0729,"backup pre-1.33 ripristinato in 1,925 s; export 1.37.19 con SHA-256 registrato"
P0,persistenza,pending,test del database;,globale:T-0015,
P0,persistenza,passed,test delle migrazioni;,globale:T-0018,"schema, colonne, 10 tabelle e 21 trigger confrontati su QA e produzione"
P0,persistenza,passed,ultimo backup;,globale:T-1767,"pre-migration-baseline-1.37.19-2026-08-05.sql, SHA-256 FF6250E9…6573"
P0,persistenza,pending,un file esiste nell’archivio ma non nel database.,addendum:A0307,
P0,persistenza,passed,Verifica integrità backup.,globale:T-0644,verify-d1-backup: PRAGMA integrity_check restituisce ok
P0,persistenza,passed,Verifica post ripristinati.,globale:T-0647,verify-d1-backup: 10 post ripristinati
P0,persistenza,pending,Verificare backup e politica di conservazione.,globale:T-1325,
P0,persistenza,pending,Verificare che i telefoni ricevano la versione ripristinata.,globale:T-1176,
P0,persistenza,passed,Verificare che ogni migrazione venga applicata una sola volta.,globale:T-1030,d1_migrations riallineato; Wrangler conferma nessuna migrazione pendente
P0,persistenza,passed,Verificare compatibilità del database.,globale:T-1178,schema richiesto e API health verificati dopo il baseline
P0,persistenza,passed,Verificare compatibilità delle migrazioni.,globale:T-1179,effetti di 14 migrazioni presenti prima del baseline
P0,persistenza,pending,Verificare comportamento con database temporaneamente non disponibile.,globale:T-1022,
P0,persistenza,pending,Verificare consistenza temporale del backup.,globale:T-1171,
P0,persistenza,passed,Verificare coordinate nel database.,usabilita:U0459,"Playwright mobile + API privata: 28.6139, 77.2090 salvate e restituite su due sessioni; preview 20382a40; 2026-08-04"
P0,persistenza,pending,Verificare day_index nel database.,usabilita:U0178,
P0,persistenza,pending,Verificare inserimento nel database.,usabilita:U0017,
P0,persistenza,passed,Verificare migrazione già applicata.,globale:T-1036,migrazioni già presenti registrate senza riesecuzione SQL
P0,persistenza,pending,Verificare migrazione interrotta.,globale:T-1037,
P0,persistenza,passed,Verificare ordine corretto delle migrazioni.,globale:T-1038,registro d1_migrations ordinato 1-14 e lista Wrangler vuota
P0,persistenza,pending,Verificare rollback della migrazione.,globale:T-1040,
P0,persistenza,pending,Verificare stabilità del database.,globale:T-0578,
P0,persistenza,passed,Viene eseguito un backup.,globale:T-1743,backup D1 pre-migrazione eseguito
P0,persistenza,passed,Viene eseguito un ripristino.,globale:T-1744,backup D1 ripristinato in ambiente temporaneo
P0,profili-ruoli,passed,Accedere come Coordinatore da altro dispositivo.,globale:T-1612,ui-role-live L1: invito coordinatore aperto su contesto mobile separato
P0,profili-ruoli,passed,Accedere come Coordinatore.,addendum:A0094,Playwright live role/revoke 1/1; preview a4b05356; 2026-08-04
P0,profili-ruoli,pending,Aggiungere moderazione del Coordinatore.,globale:T-0056,
P0,profili-ruoli,pending,Aprire la Bacheca come Coordinatore.,usabilita:U0098,
P0,profili-ruoli,passed,Aprire vista Coordinatore.,usabilita:U0443,Playwright mobile con sessione coordinatore reale: dashboard visibile; preview c90ec547; 2026-08-04
P0,profili-ruoli,pending,Avvisare il Coordinatore in caso di abuso ripetuto.,globale:T-1052,
P0,profili-ruoli,passed,Cambiare il ruolo da Coordinatore a Viaggiatore.,globale:T-0755,extended-p0-roles: retrocessione immediata sul token già aperto
P0,profili-ruoli,pending,Commento come Coordinatore.,usabilita:U0298,
P0,profili-ruoli,pending,Controllare author_name e profile_id nel database.,usabilita:U0175,
P0,profili-ruoli,pending,Coordinatore,globale:T-0278;addendum:A0133;addendum:A0212,
P0,profili-ruoli,passed,Coordinatore sulla risorsa A;,addendum:A0108,P0 locale ruoli 18/18: post creato e rimosso con identità della sessione coordinatore
P0,profili-ruoli,pending,da Coordinatore a Pubblico;,addendum:A0086,
P0,profili-ruoli,passed,da Coordinatore a Viaggiatore;,addendum:A0084,extended-p0-roles: inviti negati immediatamente dopo retrocessione
P0,profili-ruoli,passed,da Viaggiatore a Coordinatore;,addendum:A0083,Playwright same-device identity switch 5/5; preview 39b1fb83; 2026-08-04
P0,profili-ruoli,pending,dashboard Coordinatore;,addendum:A0120,
P0,profili-ruoli,passed,il Coordinatore disponga soltanto dei poteri necessari;,addendum:A0380,extended-p0-roles: matrice operazioni coordinatore/viaggiatore verificata
P0,profili-ruoli,passed,Il Coordinatore non deve pubblicare accidentalmente come altro profilo.,usabilita:U0170,P0 locale ruoli 18/18: author_name falsificato ignorato e profile_id imposto dalla sessione coordinatore
P0,profili-ruoli,pending,Il Coordinatore revoca un dispositivo di prova.,globale:T-1729,
P0,profili-ruoli,passed,Impossibilità di diventare Coordinatore.,usabilita:U0651,extended-p0-roles: auto-promozione tramite PUT ignorata dal server
P0,profili-ruoli,passed,non deve accedere alle funzioni del Coordinatore.,usabilita:U0029,"extended-p0-roles: creazione profilo, modifica altrui e inviti tutti 403"
P0,profili-ruoli,passed,non mostrare temporaneamente tasti da Coordinatore a un Viaggiatore;,addendum:A0293,Playwright credential precedence 4/4; preview 06eec926; 2026-08-04
P0,profili-ruoli,passed,non riceve dati amministrativi del Coordinatore;,addendum:A0152,Authenticated remote QA + mobile publication; preview a018a091; 2026-08-04
P0,profili-ruoli,passed,Promuovere l’utente a Coordinatore da un altro dispositivo.,addendum:A0090,Playwright live role/revoke 1/1; preview a4b05356; 2026-08-04
P0,profili-ruoli,pending,Revocare il dispositivo dal Coordinatore.,globale:T-0763,
P0,profili-ruoli,pending,Richiedere eliminazione del proprio profilo.,globale:T-1324,
P0,profili-ruoli,pending,se è Coordinatore;,addendum:A0430,
P0,profili-ruoli,passed,telefono A – Coordinatore;,globale:T-0301,P0 locale ruoli: sessione coordinatore separata su dispositivo A simulato e vincolata al relativo profilo
P0,profili-ruoli,passed,test come Coordinatore;,usabilita:U0722,P0 locale ruoli 18/18 più documenti/posizione: operazioni coordinatore eseguite con token dedicato
P0,profili-ruoli,pending,test del percorso completo del Coordinatore;,globale:T-1805,
P0,profili-ruoli,pending,Tornare a vista Coordinatore.,usabilita:U0454,
P0,profili-ruoli,passed,un profilo è stato eliminato;,addendum:A0305,profile-deletion 40/40: profilo assente dallo stato pubblico e da ogni risorsa privata dopo il DELETE
P0,profili-ruoli,passed,un utente può diventare Coordinatore modificando la richiesta;,usabilita:U0691,extended-p0-roles: tentativo falsificato resta traveler
P0,profili-ruoli,passed,Verifica profili ripristinati.,globale:T-0648,verify-d1-backup: 5 profili ripristinati
P0,profili-ruoli,pending,Verificare che il Coordinatore visualizzi 4/4.,globale:T-0710,
P0,profili-ruoli,pending,Verificare che il profilo non compaia nella dashboard del Coordinatore.,globale:T-1328,
P0,profili-ruoli,passed,Verificare che non possa diventare Coordinatore.,globale:T-0341,extended-p0-roles: sessione riletta dal server resta traveler
P0,profili-ruoli,pending,Verificare notifica prioritaria al Coordinatore.,globale:T-1193,
P0,profili-ruoli,pending,Verificare profile_id corretto nel database.,globale:T-0422,
P0,profili-ruoli,pending,Visualizzare contatto del Coordinatore.,globale:T-1196,
P0,social,passed,commento eliminato;,globale:T-1556,extended-p0-social: commenti di due autori eliminati e stato finale vuoto
P0,social,passed,Commento mentre il post viene eliminato.,globale:T-0570,extended-p0-sync-delete: corsa commento/eliminazione senza residui
P0,social,passed,Eliminare un commento mentre viene modificato da un altro dispositivo.,globale:T-0792,extended-p0-social: PUT/DELETE concorrenti gestiti senza residui
P0,social,passed,Eliminare un post mentre un altro utente sta inserendo un commento.,globale:T-0793,extended-p0-sync-delete: corsa DELETE post/POST commento senza residui
P0,social,passed,Eliminazione commento proprio.,usabilita:U0308,Authenticated remote QA: 18/18 applicable; preview a018a091; 2026-08-04
P0,social,passed,Eliminazione commento.,globale:T-0465,extended-p0-social: proprietà server e DELETE verificate
P0,social,passed,Eseguire backup mentre vengono aggiunti commenti.,globale:T-1166,"extended-p0-backup-comments: export D1 reale concorrente a 8 commenti, backup leggibile e stato integro"
P0,social,passed,Impedire di modificare o eliminare commenti altrui.,globale:T-0064,QA 1.31.0: modifica ed eliminazione del commento altrui restituite 403
P0,social,passed,Tentativo di eliminare commento altrui.,globale:T-0471,QA 1.31.0: eliminazione commento altrui negata
P0,social,passed,Tentativo di eliminazione di commento altrui.,usabilita:U0310,Authenticated remote QA: 18/18 applicable; preview a018a091; 2026-08-04
P0,social,passed,"test di creazione, modifica ed eliminazione;",globale:T-0022,extended-p0-social: ciclo completo su due autori
P0,social,passed,Verifica commenti ripristinati.,globale:T-0642,verify-d1-backup: 8 commenti ripristinati e leggibili
P0,social,passed,Verificare eliminazione dei commenti.,usabilita:U0289,extended-p0-sync-delete: cascata verificata nello stato finale
P0,social,passed,Verificare eliminazione delle reazioni.,usabilita:U0290,extended-p0-sync-delete: cascata verificata nello stato finale
P0,sync-rete,passed,Chiave idempotente nel database.,globale:T-0133,production-smoke: chiave idempotente riutilizzata e risposta replayed
P0,sync-rete,passed,Sincronizzazione delle eliminazioni.,globale:T-0113,"extended-p0-sync-delete: assenza verificata su pubblico, proprietario e secondo dispositivo"
P0,sync-rete,passed,Verificare eliminazione della cache difettosa.,globale:T-1181,ui-p0-cache-recovery: cache corrotta rimossa e riapertura offline riuscita
P0,sync-rete,passed,Verificare eliminazione della vecchia cache.,globale:T-0840,"ui-p0-cache-recovery: cache 1.37.18 rimossa, resta soltanto 1.37.19"
P1,altro,pending,“Notifiche attive” significhi subscription registrata e prova ricevuta;,addendum:A0386,
P1,altro,pending,Aprire il pannello notifiche.,usabilita:U0056,
P1,altro,pending,Aprire la notifica.,globale:T-0516,
P1,altro,pending,Aprire una notifica.,usabilita:U0065,
P1,altro,pending,attivare le notifiche;,globale:T-1770,
P1,altro,pending,Attivare notifiche.,usabilita:U0062,
P1,altro,pending,Attivazione notifiche.,globale:T-1205,
P1,altro,pending,Dieci notifiche contemporanee.,globale:T-0571,
P1,altro,pending,Disattivazione completa delle notifiche.,globale:T-0077,
P1,altro,pending,Disattivazione notifiche.,globale:T-0520,
P1,altro,pending,Inviare due notifiche con lo stesso tag.,globale:T-0861,
P1,altro,pending,Inviare notifica con caratteri speciali.,globale:T-0862,
P1,altro,pending,Inviare notifica con emoji.,globale:T-0863,
P1,altro,pending,Inviare notifica con testo molto lungo.,globale:T-0864,
P1,altro,pending,Inviare notifica con titolo molto lungo.,globale:T-0865,
P1,altro,pending,le notifiche aprono il contenuto preciso;,globale:T-0681,
P1,altro,pending,Misurare batteria con notifiche attive.,globale:T-1660,
P1,altro,pending,Negare notifiche.,globale:T-0522;usabilita:U0063,
P1,altro,pending,nessuna notifica deve essere inviata;,addendum:A0036,
P1,altro,pending,nessuna notifica inviata;,globale:T-0749;usabilita:U0586,
P1,altro,pending,non esistono notifiche;,addendum:A0303,
P1,altro,pending,Non inviare all’autore la notifica della propria operazione.,globale:T-0081,
P1,altro,pending,Notifica → post → indietro.,globale:T-1417,
P1,altro,pending,Notifica automatica al responsabile tecnico.,globale:T-1552,
P1,altro,pending,Notifica con apertura del post preciso.,globale:T-0083,
P1,altro,pending,Notifica per menzione.,globale:T-0086,
P1,altro,pending,notifiche cliccabili;,addendum:A0012,
P1,altro,pending,Notifiche durante la prova.,globale:T-1127,
P1,altro,pending,notifiche negate;,usabilita:U0505,
P1,altro,pending,notifiche non lette;,addendum:A0078,
P1,altro,pending,notifiche;,globale:T-1762;usabilita:U0647,
P1,altro,pending,prima dell’invio della notifica;,addendum:A0117,
P1,altro,pending,"Rendere reali le menzioni: attualmente “@nome” viene evidenziato, ma non genera una notifica specifica.",globale:T-0065,
P1,altro,pending,Ricevere una notifica dopo logout.,globale:T-0869,
P1,altro,pending,Ricevere una notifica dopo revoca del dispositivo.,globale:T-0870,
P1,altro,pending,Ricezione notifica consentita.,globale:T-1234,
P1,altro,pending,stabilità delle notifiche;,globale:T-1119,
P1,altro,pending,test delle notifiche;,globale:T-0019,
P1,altro,pending,Toccando la notifica mostrare “Contenuto non più disponibile”.,globale:T-0872,
P1,altro,pending,Toccare la notifica e verificare apertura del post preciso.,globale:T-0707,
P1,altro,pending,Tutti attivano le notifiche.,globale:T-1731,
P1,altro,pending,una notifica mostra dati riservati;,usabilita:U0697,
P1,altro,pending,Utilizzare una notifica generica quando il contenuto è sensibile.,globale:T-1357,
P1,altro,pending,Verifica notifiche Push.,globale:T-0660,
P1,altro,pending,Verificare che il contenuto venga ricontrollato dal server quando la notifica viene aperta.,globale:T-1360,
P1,altro,pending,Verificare che il telefono B riceva la notifica.,globale:T-0715,
P1,altro,pending,Verificare che una notifica “Solo io” non venga inviata a nessun altro.,globale:T-0876,
P1,altro,pending,Verificare preferenze notifiche.,globale:T-1608,
P1,altro,pending,Verificare raggruppamento delle notifiche.,globale:T-0880,
P1,altro,pending,Verificare ricezione della notifica.,usabilita:U0022,
P1,altro,pending,Verificare una notifica con telefono bloccato.,globale:T-1364,
P1,altro,pending,Verificare una notifica con telefono sbloccato.,globale:T-1365,
P1,documenti,passed,Aprire PDF.,usabilita:U0421,Playwright mobile: PDF protetto aperto in nuova scheda tramite visualizzatore blob autenticato; preview c90ec547; 2026-08-04
P1,documenti,pending,Caricare biglietti.,globale:T-0477;usabilita:U0418,
P1,documenti,pending,Caricare un PDF multipagina.,globale:T-0993,
P1,documenti,pending,Caricare visto.,globale:T-0479;usabilita:U0417,
P1,documenti,pending,Controllare PDF corrotti o pericolosi.,globale:T-0166,
P1,documenti,pending,messaggio se il caricamento supera il tempo previsto;,addendum:A0321,
P1,documenti,pending,PDF del diario.,globale:T-1724,
P1,documenti,pending,PDF del viaggio.,globale:T-0265,
P1,documenti,pending,PDF molto grande.,globale:T-0438,
P1,mappe-posizione,pending,"A cancella posizione, B vede scomparsa.",usabilita:U0561,
P1,mappe-posizione,pending,"A condivide posizione, B vede marker.",usabilita:U0560,
P1,mappe-posizione,pending,Aggiornamenti posizione durante la prova.,globale:T-1122,
P1,mappe-posizione,pending,Aggiornamento con segnale GPS debole.,globale:T-1456,
P1,mappe-posizione,pending,Aggiornamento posizione contemporaneo.,globale:T-0569,
P1,mappe-posizione,pending,Aggiornare la stessa posizione da due dispositivi.,globale:T-0790,
P1,mappe-posizione,pending,Aprire la posizione del post.,globale:T-0692,
P1,mappe-posizione,pending,Cancellare la posizione dal telefono A.,globale:T-0694,
P1,mappe-posizione,pending,Cancellare la posizione.,globale:T-0496;globale:T-1771;usabilita:U0074,
P1,mappe-posizione,passed,Cancellare la propria posizione.,usabilita:U0468,Playwright mobile: DELETE del proprietario autenticato restituisce 200; preview 20382a40; 2026-08-04
P1,mappe-posizione,pending,cancellazione posizione altrui.,globale:T-0726,
P1,mappe-posizione,pending,cancellazione posizione propria;,globale:T-0727,
P1,mappe-posizione,pending,Condividere la posizione dal telefono A.,globale:T-0697,
P1,mappe-posizione,pending,condividere la posizione;,globale:T-1773;usabilita:U0073,
P1,mappe-posizione,pending,condivisione posizione propria;,globale:T-0731,
P1,mappe-posizione,pending,condivisione posizione;,usabilita:U0549,
P1,mappe-posizione,passed,Consentire posizione.,usabilita:U0456,Playwright Galaxy: permesso GPS accordato e POST autenticato 200; preview 20382a40; 2026-08-04
P1,mappe-posizione,pending,Controllo posizioni.,globale:T-1215;usabilita:U0660,
P1,mappe-posizione,pending,Definire per quanto tempo vengono conservate le posizioni.,globale:T-1340,
P1,mappe-posizione,pending,Indicazione “Posizione recente”.,globale:T-0207,
P1,mappe-posizione,pending,Indicazione “Posizione scaduta”.,globale:T-0208,
P1,mappe-posizione,pending,Indicazione “Posizione vecchia”.,globale:T-0209,
P1,mappe-posizione,pending,le posizioni scadono automaticamente;,globale:T-0682,
P1,mappe-posizione,pending,Mappa con due posizioni identiche.,globale:T-0947,
P1,mappe-posizione,pending,Mappa con nessuna posizione condivisa.,globale:T-0952,
P1,mappe-posizione,pending,Mappa con una posizione.,globale:T-0954,
P1,mappe-posizione,pending,Misurare batteria con posizione attiva.,globale:T-1662,
P1,mappe-posizione,pending,modifica posizione altrui;,globale:T-0742,
P1,mappe-posizione,pending,Negare GPS.,usabilita:U0236,
P1,mappe-posizione,passed,Negare posizione.,usabilita:U0457,"Playwright Galaxy: permesso rimosso, messaggio locale e zero richieste POST; preview 20382a40; 2026-08-04"
P1,mappe-posizione,passed,Nessuna posizione visibile al pubblico.,globale:T-0211,production-smoke: endpoint posizione negato senza sessione
P1,mappe-posizione,pending,Non dichiarare una posizione come certificata se non è verificabile.,globale:T-1444,
P1,mappe-posizione,pending,non esistono posizioni;,addendum:A0302,
P1,mappe-posizione,pending,Non mostrare posizione precisa sul blocco schermo.,globale:T-1355,
P1,mappe-posizione,pending,Non rendere pubblica la posizione EXIF senza consenso.,globale:T-1432,
P1,mappe-posizione,pending,Non visualizzare posizione.,usabilita:U0364,
P1,mappe-posizione,pending,Ogni posizione deve essere collegata a un profilo esistente.,globale:T-1018,
P1,mappe-posizione,pending,Posizione all’interno di un edificio.,globale:T-0499,
P1,mappe-posizione,pending,posizione cancellata;,globale:T-1572,
P1,mappe-posizione,pending,Posizione con GPS impreciso.,globale:T-0500,
P1,mappe-posizione,pending,Posizione con GPS preciso.,globale:T-0501,
P1,mappe-posizione,pending,posizione condivisa;,globale:T-1573,
P1,mappe-posizione,pending,posizione del gruppo;,addendum:A0122,
P1,mappe-posizione,pending,Posizione in movimento.,globale:T-0502,
P1,mappe-posizione,passed,posizione negata;,usabilita:U0502,"Playwright mobile: permesso rimosso, messaggio comprensibile e nessuna richiesta al server; preview 20382a40; 2026-08-04"
P1,mappe-posizione,pending,posizione precisa attiva;,globale:T-1386,
P1,mappe-posizione,pending,posizione precisa disattiva;,globale:T-1387,
P1,mappe-posizione,pending,Posizione propria.,usabilita:U0646,
P1,mappe-posizione,pending,posizione;,addendum:A0076,
P1,mappe-posizione,pending,posizioni scadute o cancellate;,globale:T-1764,
P1,mappe-posizione,pending,Pubblicare con posizione GPS.,globale:T-0404,
P1,mappe-posizione,pending,quali utenti hanno condiviso la posizione;,addendum:A0356,
P1,mappe-posizione,pending,Registrare precisione GPS.,globale:T-1446,
P1,mappe-posizione,passed,riceve soltanto le posizioni consentite;,addendum:A0151,"Playwright tre ruoli: gruppo autenticato riceve la posizione, pubblico non riceve lista né mappa; preview 20382a40; 2026-08-04"
P1,mappe-posizione,pending,Rimuovere la posizione prima dell’invio.,globale:T-0414,
P1,mappe-posizione,pending,Rimuovere la posizione.,usabilita:U0241,
P1,mappe-posizione,pending,sicurezza delle posizioni;,globale:T-1801,
P1,mappe-posizione,pending,Tentare cancellazione di posizione altrui.,usabilita:U0471,
P1,mappe-posizione,pending,Tentare clickjacking su Condividi posizione.,globale:T-1487,
P1,mappe-posizione,pending,Tentare di modificare posizione altrui.,globale:T-0503,
P1,mappe-posizione,pending,Tentare di vedere posizioni.,usabilita:U0621;usabilita:U0636,
P1,mappe-posizione,pending,Toccare “Usa posizione attuale”.,usabilita:U0234,
P1,mappe-posizione,pending,Tutti condividono e cancellano la posizione.,globale:T-1732,
P1,mappe-posizione,pending,una posizione rimane visibile dopo la cancellazione;,usabilita:U0696,
P1,mappe-posizione,pending,una sola posizione attiva per persona.,usabilita:U0607,
P1,mappe-posizione,pending,Una sola posizione dopo dieci retry.,globale:T-0143,
P1,mappe-posizione,pending,Utilizzare posizione simulata Android.,globale:T-1450,
P1,mappe-posizione,pending,Verifica posizione.,globale:T-0662,
P1,mappe-posizione,passed,verificare assenza di sovrapposizioni;,usabilita:U0090,"Playwright Galaxy S9+ reale: touch fisico, 14 giornate, persistenza, 14 ricollocazioni mappa, marker Delhi 1/8 e Ranakpur; pubblicazione HTTP 201 senza duplicati; preview 9913ac2c; 2026-08-04"
P1,mappe-posizione,passed,Verificare che il pubblico non veda posizioni.,globale:T-0338,production-smoke: eliminazione posizione restituisce 403 al pubblico
P1,mappe-posizione,pending,Verificare che il pubblico veda soltanto la posizione consentita.,usabilita:U0249,
P1,mappe-posizione,pending,Verificare che la posizione non continui dopo “Interrompi”.,globale:T-1464,
P1,mappe-posizione,pending,Verificare che la posizione venga indicata come dichiarata dal dispositivo.,globale:T-1452,
P1,mappe-posizione,passed,Verificare numero posizioni.,usabilita:U0463,Playwright mobile: contatore posizioni visibile e coerente con la lista privata; preview 20382a40; 2026-08-04
P1,mappe-posizione,pending,Verificare ora delle posizioni.,globale:T-0943,
P1,mappe-posizione,pending,Verificare posizione allegata soltanto con consenso.,globale:T-1194,
P1,mappe-posizione,pending,Verificare posizione di scorrimento.,globale:T-1690,
P1,mappe-posizione,pending,Verificare posizione geografica di ogni hotel.,globale:T-1281,
P1,mappe-posizione,pending,Verificare ritorno allo stesso giorno e alla stessa posizione.,globale:T-0399,
P1,mappe-posizione,pending,Verificare stato posizione vecchia.,globale:T-0511,
P1,mappe-posizione,pending,Visualizzazione della precisione GPS.,globale:T-0215,
P1,media-upload,pending,100 upload dallo stesso utente.,globale:T-1051,
P1,media-upload,passed,Aggiungere l’audio al post.,usabilita:U0224,Playwright mobile: WAV valido aggiunto insieme a foto e video; preview b4f2cf13; 2026-08-04
P1,media-upload,pending,Aprire fotografia.,usabilita:U0208;usabilita:U0422,
P1,media-upload,pending,Aprire fotografie e video pubblici.,usabilita:U0616,
P1,media-upload,pending,Aprire la fotocamera.,usabilita:U0187,
P1,media-upload,pending,Aprire una fotografia del carosello.,globale:T-1394,
P1,media-upload,pending,Archivio di audio.,globale:T-1708,
P1,media-upload,pending,Archivio di fotografie.,globale:T-1709,
P1,media-upload,pending,Archivio di video.,globale:T-1714,
P1,media-upload,pending,Audio.,usabilita:U0119,
P1,media-upload,pending,Aumento improvviso degli upload.,globale:T-1540,
P1,media-upload,pending,Bloccare lo schermo durante l’audio.,globale:T-0909,
P1,media-upload,pending,Calcolare peso medio di un audio.,globale:T-1527,
P1,media-upload,pending,Calcolare peso medio di un video.,globale:T-1528,
P1,media-upload,pending,Calcolare peso medio di una fotografia.,globale:T-1529,
P1,media-upload,pending,caricamento post;,usabilita:U0545,
P1,media-upload,pending,caricamento;,addendum:A0162,
P1,media-upload,pending,Caricare assicurazione.,globale:T-0476;usabilita:U0419,
P1,media-upload,pending,Caricare due file con lo stesso nome.,globale:T-0989,
P1,media-upload,pending,Caricare file con MIME falso.,globale:T-0614,
P1,media-upload,pending,Caricare fotografia con nome originale personale.,globale:T-1425,
P1,media-upload,pending,Caricare fotografia contenente data e ora.,globale:T-1426,
P1,media-upload,pending,Caricare fotografia contenente modello del telefono.,globale:T-1427,
P1,media-upload,pending,Caricare fotografia.,globale:T-0342,
P1,media-upload,pending,Caricare i primi 20 post.,globale:T-1679,
P1,media-upload,pending,Caricare immagini a qualità ridotta.,globale:T-1645,
P1,media-upload,pending,Caricare un file con accenti.,globale:T-0990,
P1,media-upload,pending,Caricare un file con emoji nel nome.,globale:T-0991,
P1,media-upload,pending,Caricare un file con nome molto lungo.,globale:T-0992,
P1,media-upload,pending,Caricare una fotografia contenente coordinate GPS EXIF.,globale:T-1428,
P1,media-upload,pending,Caricare una fotografia orizzontale.,globale:T-0996,
P1,media-upload,pending,Caricare una fotografia sfocata.,globale:T-0997,
P1,media-upload,pending,Chiudere una scheda durante un upload.,globale:T-1589,
P1,media-upload,pending,Commento con audio.,globale:T-0460;usabilita:U0302,
P1,media-upload,pending,Commento con fotografia.,globale:T-0461;usabilita:U0300,
P1,media-upload,pending,Commento con video.,globale:T-0462;usabilita:U0301,
P1,media-upload,pending,comportamento al ricaricamento;,addendum:A0049,
P1,media-upload,pending,compressione fotografie;,globale:T-0146,
P1,media-upload,pending,compressione video;,globale:T-0147,
P1,media-upload,pending,condizione dopo caricamento dei dati;,addendum:A0290,
P1,media-upload,pending,conferma prima del caricamento;,addendum:A0371,
P1,media-upload,pending,Conservare possibilità di scaricare l’originale.,globale:T-1646,
P1,media-upload,pending,Consultare post già scaricati.,globale:T-0540,
P1,media-upload,pending,controllo server prima del caricamento;,addendum:A0136,
P1,media-upload,pending,copertina video;,globale:T-0150,
P1,media-upload,pending,Deep link della singola fotografia.,globale:T-0245,
P1,media-upload,pending,Definire gestione della componente video della Live Photo.,globale:T-1429,
P1,media-upload,pending,Descrizione delle fotografie.,globale:T-1064,
P1,media-upload,pending,Disattivare caricamento automatico video.,globale:T-1647,
P1,media-upload,pending,"dispone di screenshot, video o log come prova.",globale:T-0247,
P1,media-upload,pending,Eseguire logout durante un caricamento.,globale:T-0759,
P1,media-upload,pending,fotocamera negata;,usabilita:U0504,
P1,media-upload,pending,Fotografia → carosello → indietro.,globale:T-1413,
P1,media-upload,pending,fotografia orizzontale.,globale:T-0430,
P1,media-upload,pending,fotografia verticale.,globale:T-0431,
P1,media-upload,pending,Fotografia.,usabilita:U0389;addendum:A0072,
P1,media-upload,pending,fotografie cliccabili;,addendum:A0010,
P1,media-upload,pending,fotografie e video presenti;,globale:T-1756,
P1,media-upload,pending,Fotografie e video.,usabilita:U0148,
P1,media-upload,pending,"Fotografie, video e audio.",usabilita:U0149,
P1,media-upload,pending,Fotografie.,usabilita:U0117,
P1,media-upload,pending,Gestire errore nel caricamento della pagina successiva.,globale:T-1681,
P1,media-upload,pending,gli upload riprendono dopo perdita della rete;,globale:T-0672,
P1,media-upload,passed,il caricamento impedisce una seconda operazione incompatibile;,addendum:A0174,"Playwright Galaxy S9+: invito e sessione server, modale sopra barra, pulsante raggiungibile, stato disabilitato/invio, doppio clic=una richiesta, HTTP 201 e record confermato; preview 9913ac2c; 2026-08-04"
P1,media-upload,passed,impossibilità di pubblicare con identità non ancora caricata;,addendum:A0317,Playwright credential precedence 4/4; preview 06eec926; 2026-08-04
P1,media-upload,pending,Ingrandire una fotografia.,globale:T-0912,
P1,media-upload,pending,Interrompere upload al 25%.,globale:T-0541,
P1,media-upload,pending,Interrompere upload al 50%.,globale:T-0542,
P1,media-upload,pending,Interrompere upload al 90%.,globale:T-0543,
P1,media-upload,pending,Media pubblici con cache controllata.,globale:T-1475,
P1,media-upload,pending,Mettere in pausa il video.,globale:T-0913,
P1,media-upload,pending,Misurare batteria durante upload video.,globale:T-1664,
P1,media-upload,pending,Misurare caricamento feed.,globale:T-0587,
P1,media-upload,pending,mostra stato di caricamento;,usabilita:U0673,
P1,media-upload,pending,nessun upload bloccato;,globale:T-1760,
P1,media-upload,pending,Nessuna esecuzione di contenuto caricato.,globale:T-0171,
P1,media-upload,pending,Non perdere dati già caricati.,globale:T-1538,
P1,media-upload,pending,Portare il video avanti e indietro.,globale:T-0914,
P1,media-upload,pending,Preparare post con audio offline.,globale:T-0544,
P1,media-upload,pending,Preparare post con fotografia offline.,globale:T-0545,
P1,media-upload,pending,Preparare post con video offline.,globale:T-0546,
P1,media-upload,passed,presenza di indicatore di caricamento;,addendum:A0315,Playwright credential precedence 4/4; preview 06eec926; 2026-08-04
P1,media-upload,pending,"Pubblicare audio, se consentito.",usabilita:U0632,
P1,media-upload,pending,"Pubblicare fotografia, se consentito.",usabilita:U0630,
P1,media-upload,pending,Pubblicare più fotografie.,globale:T-0407,
P1,media-upload,pending,Pubblicare un audio.,globale:T-0411;usabilita:U0014,
P1,media-upload,pending,Pubblicare un video.,globale:T-0412;usabilita:U0013,
P1,media-upload,pending,Pubblicare una fotografia.,globale:T-0413;globale:T-1778;usabilita:U0012,
P1,media-upload,pending,"Pubblicare video, se consentito.",usabilita:U0631,
P1,media-upload,pending,Pubblicazione fotografia con posizione.,globale:T-1229,
P1,media-upload,pending,registrare un audio;,globale:T-1781,
P1,media-upload,pending,registrazione audio;,usabilita:U0544,
P1,media-upload,pending,Rete interrotta al 25% dell’upload.,usabilita:U0527,
P1,media-upload,pending,Ricaricare la pagina.,globale:T-0395;usabilita:U0128,
P1,media-upload,pending,Ricaricare ogni URL significativo.,globale:T-1420,
P1,media-upload,passed,ripresa upload;,globale:T-1800,resumable-upload: ripresa upload coperta da prova automatica
P1,media-upload,pending,Riprodurre il video con rete lenta.,globale:T-0915,
P1,media-upload,pending,Riprodurre un file audio.,globale:T-0916,
P1,media-upload,pending,Riprodurre un video con audio.,globale:T-0917,
P1,media-upload,pending,Riprodurre video.,usabilita:U0207,
P1,media-upload,pending,rotazione e ritaglio fotografie;,globale:T-0161,
P1,media-upload,pending,Salvare una bozza con dieci fotografie.,globale:T-0850,
P1,media-upload,pending,Salvare una bozza con un video.,globale:T-0851,
P1,media-upload,pending,Salvare una bozza con una fotografia.,globale:T-0852,
P1,media-upload,passed,Salvataggio offline degli audio selezionati.,globale:T-0128,"offline-queue: file MP3 conservato con nome, MIME e contenuto"
P1,media-upload,passed,Salvataggio offline dei video selezionati.,globale:T-0130,"offline-queue: file MP4 conservato con nome, MIME e contenuto"
P1,media-upload,passed,Salvataggio offline delle fotografie selezionate.,globale:T-0131,"offline-queue: file JPEG conservato con nome, MIME e contenuto"
P1,media-upload,pending,Scaricamento soltanto delle modifiche.,globale:T-0112,
P1,media-upload,pending,Scattare una fotografia.,usabilita:U0190,
P1,media-upload,pending,Scorrere e caricare i successivi.,globale:T-1686,
P1,media-upload,pending,Selezionare fotografie e video.,globale:T-0830,
P1,media-upload,passed,Selezionare più fotografie.,usabilita:U0196,Playwright mobile: selezione simultanea di 10 JPEG e conteggio esatto; preview b4f2cf13; 2026-08-04
P1,media-upload,pending,Selezionare un video MOV.,usabilita:U0200,
P1,media-upload,pending,Selezionare un video MP4.,usabilita:U0201,
P1,media-upload,passed,Selezionare una fotografia.,usabilita:U0195,Playwright mobile: JPEG reale selezionato e pubblicato; preview b4f2cf13; 2026-08-04
P1,media-upload,pending,Sincronizzazione immediata al ritorno della rete.,globale:T-0114,
P1,media-upload,pending,Solo audio.,usabilita:U0144,
P1,media-upload,pending,Solo fotografia.,usabilita:U0142,
P1,media-upload,pending,Solo video.,usabilita:U0143,
P1,media-upload,pending,Sostituire fotografia.,globale:T-0354,
P1,media-upload,pending,Sostituire la propria fotografia.,usabilita:U0372,
P1,media-upload,pending,Stato caricamento comunicato allo screen reader.,globale:T-1073,
P1,media-upload,pending,test di carico;,globale:T-0021,
P1,media-upload,pending,Testo e audio.,usabilita:U0147,
P1,media-upload,pending,Testo e fotografia.,usabilita:U0145,
P1,media-upload,pending,Testo e video.,usabilita:U0146,
P1,media-upload,pending,toccare durante un caricamento;,usabilita:U0084,
P1,media-upload,pending,Tornare dopo la visualizzazione di una fotografia.,globale:T-0977,
P1,media-upload,pending,Tre upload contemporanei.,globale:T-0574,
P1,media-upload,pending,Tutti pubblicano una fotografia.,globale:T-1740,
P1,media-upload,pending,Tutti registrano un audio.,globale:T-1741,
P1,media-upload,passed,un upload interrotto non può riprendere;,usabilita:U0695,Authenticated remote QA: 18/18 applicable; preview a018a091; 2026-08-04
P1,media-upload,pending,upload interrotto;,usabilita:U0509,
P1,media-upload,pending,upload multipart;,globale:T-0164,
P1,media-upload,pending,upload riprendibile;,globale:T-0165,
P1,media-upload,passed,utilizzare uno stato neutro di caricamento;,addendum:A0295,Playwright credential precedence 4/4; preview 06eec926; 2026-08-04
P1,media-upload,pending,Verifica caricamento foto.,globale:T-0653,
P1,media-upload,pending,Verifica caricamento video.,globale:T-0654,
P1,media-upload,pending,Verificare audio.,usabilita:U0106,
P1,media-upload,pending,Verificare caricamento di ogni immagine Unsplash.,globale:T-1634,
P1,media-upload,pending,Verificare caricamento differito.,globale:T-1635,
P1,media-upload,pending,Verificare caricamento heic2any soltanto con file HEIC.,globale:T-1673,
P1,media-upload,pending,Verificare caricamento MapLibre soltanto quando serve.,globale:T-1674,
P1,media-upload,pending,Verificare che due video non vengano riprodotti contemporaneamente.,globale:T-0922,
P1,media-upload,passed,Verificare che il caricamento venga annullato o gestito in modo sicuro.,globale:T-0766,QA 1.30.0: upload interrotto annullato e sessione eliminata
P1,media-upload,pending,Verificare che il post compaia sul telefono B senza ricaricamento manuale.,globale:T-0713,
P1,media-upload,pending,"Verificare che il post utilizzi automaticamente nome, cognome, fotografia e profile_id corretti.",globale:T-0714,
P1,media-upload,pending,Verificare che l’app non si ricarichi durante la registrazione audio.,globale:T-0835,
P1,media-upload,pending,Verificare che l’app non si ricarichi durante la scrittura.,globale:T-0836,
P1,media-upload,pending,Verificare che l’app non si ricarichi durante un upload.,globale:T-0837,
P1,media-upload,pending,Verificare che l’audio non venga perso o corrotto.,globale:T-0458,
P1,media-upload,pending,Verificare che la fotografia non venga mostrata ruotata.,globale:T-1433,
P1,media-upload,passed,Verificare fotografia della città.,usabilita:U0319,"Playwright Galaxy S9+ reale: touch fisico, 14 giornate, persistenza, 14 ricollocazioni mappa, marker Delhi 1/8 e Ranakpur; pubblicazione HTTP 201 senza duplicati; preview 9913ac2c; 2026-08-04"
P1,media-upload,pending,Verificare fotografie HDR.,globale:T-1434,
P1,media-upload,pending,Verificare fotografie.,usabilita:U0104,
P1,media-upload,pending,Verificare funzionamento dopo ricaricamento della pagina.,globale:T-0983,
P1,media-upload,pending,Verificare quali fotografie restano memorizzate.,globale:T-1631,
P1,media-upload,pending,"Verificare stesso post, stessi commenti e stessa fotografia.",globale:T-1408,
P1,media-upload,pending,Verificare streaming senza caricare tutto il file in memoria.,globale:T-1008,
P1,media-upload,pending,Verificare video.,usabilita:U0105,
P1,media-upload,pending,Video,globale:T-0292;globale:T-1262;usabilita:U0035;usabilita:U0118,
P1,media-upload,pending,video dei percorsi completi;,usabilita:U0713,
P1,media-upload,pending,video oltre 25 MB.,globale:T-0441,
P1,media-upload,pending,video orizzontale.,globale:T-0442,
P1,media-upload,pending,video verticale.,globale:T-0443,
P1,social,pending,Notifica con apertura del commento preciso.,globale:T-0082,
P1,social,pending,"Notifica per reazione, se scelta dall’utente.",globale:T-0088,
P1,social,pending,Notifica per risposta a un commento.,globale:T-0089,
P1,social,pending,Verificare che una notifica relativa a un post Gruppo non venga inviata ai familiari pubblici.,globale:T-0877,
P1,sync-rete,pending,“Offline” significhi funzione realmente disponibile senza rete;,addendum:A0391,
P1,sync-rete,passed,“Sincronizzato” significhi conferma server e presenza sugli altri dispositivi;,addendum:A0390,"API pubblica minimizzata + Playwright tre telefoni: chiavi e ID interni assenti, permessi can_manage dal server, comandi vietati nascosti e sync automatica; preview c9d82d89; 2026-08-04"
P1,sync-rete,pending,100 richieste di sincronizzazione in un minuto.,globale:T-1048,
P1,sync-rete,pending,Aggiornare il Service Worker con due schede aperte.,globale:T-1587,
P1,sync-rete,pending,Aggiungere alternativa offline.,globale:T-0181,
P1,sync-rete,pending,Album HTML offline.,globale:T-0233,
P1,sync-rete,pending,Aprire Emergenza senza rete.,globale:T-1183,
P1,sync-rete,pending,Aprire il dominio senza cache.,globale:T-0305,
P1,sync-rete,pending,Attivazione automatica su rete lenta.,globale:T-1644,
P1,sync-rete,pending,Badge sincronizzato dei contenuti non letti.,globale:T-0076,
P1,sync-rete,pending,Cache-Control corretto.,globale:T-1469,
P1,sync-rete,pending,Centro “Pronto per l’offline”.,globale:T-0116,
P1,sync-rete,pending,Centro sincronizzazione visibile.,globale:T-0098,
P1,sync-rete,pending,Cercare segreti nel Service Worker.,globale:T-1500,
P1,sync-rete,pending,coda offline vuota oppure correttamente registrata;,globale:T-1750,
P1,sync-rete,pending,commenti sincronizzati;,globale:T-1751,
P1,sync-rete,pending,continuazione dopo perdita della rete;,globale:T-0149,
P1,sync-rete,pending,controlli richieste di rete;,addendum:A0205,
P1,sync-rete,pending,dati di emergenza disponibili offline.,globale:T-1752,
P1,sync-rete,pending,è stata eseguita una prova dalla rete indiana;,globale:T-0666,
P1,sync-rete,pending,Emergenza offline.,globale:T-0249,
P1,sync-rete,pending,Errore Service Worker.,globale:T-1549,
P1,sync-rete,pending,Eseguire logout senza rete.,globale:T-0760,
P1,sync-rete,pending,Gestione delle modifiche concorrenti.,globale:T-0101,
P1,sync-rete,pending,gli allegati vengono persi offline;,usabilita:U0694,
P1,sync-rete,pending,Hotel e indirizzi offline.,globale:T-0119,
P1,sync-rete,pending,HTML utilizzabile offline.,globale:T-1718,
P1,sync-rete,passed,idempotenza;,globale:T-1792,production-smoke: idempotenza coperta su quattro tipi di scrittura
P1,sync-rete,pending,Indicazione “Ultima sincronizzazione”.,globale:T-0105,
P1,sync-rete,pending,Informazioni di emergenza offline.,globale:T-0122,
P1,sync-rete,pending,Invio automatico al ritorno della rete.,globale:T-0123,
P1,sync-rete,passed,l’offline conserva testo e allegati;,globale:T-0678,"offline-queue: testo, foto, audio e video conservati nella coda"
P1,sync-rete,pending,Mappe e coordinate essenziali offline.,globale:T-0124,
P1,sync-rete,pending,nuovi post sincronizzati;,globale:T-1763,
P1,sync-rete,passed,offline con allegati;,globale:T-1794,offline-queue: allegati multimediali conservati e reinviati
P1,sync-rete,passed,Outbox offline.,globale:T-0125,"offline-queue: accodamento, persistenza e svuotamento verificati"
P1,sync-rete,pending,Preferiti sincronizzati tra dispositivi.,globale:T-0267,
P1,sync-rete,pending,Preparare post testuale offline.,globale:T-0547,
P1,sync-rete,pending,Provare senza rete.,usabilita:U0360,
P1,sync-rete,pending,Pulsante per cancellare i dati offline.,globale:T-0126,
P1,sync-rete,pending,Rete 3G.,usabilita:U0521,
P1,sync-rete,pending,rete assente;,usabilita:U0506;addendum:A0165,
P1,sync-rete,pending,Rete interrotta al 50%.,usabilita:U0528,
P1,sync-rete,pending,Rete interrotta al 90%.,usabilita:U0529,
P1,sync-rete,pending,Rete lenta.,usabilita:U0522,
P1,sync-rete,pending,rete utilizzata;,globale:T-1256,
P1,sync-rete,pending,Riapertura offline.,globale:T-1231,
P1,sync-rete,pending,Riaprire offline.,globale:T-0549,
P1,sync-rete,pending,Riattivare la rete.,globale:T-0550,
P1,sync-rete,pending,Ricerca offline sui dati disponibili.,globale:T-1696,
P1,sync-rete,pending,Ricevere una sincronizzazione.,globale:T-1400,
P1,sync-rete,pending,Ridurre frequenza di sincronizzazione.,globale:T-1651,
P1,sync-rete,pending,Ripresa dopo perdita della rete.,globale:T-1725,
P1,sync-rete,pending,Ritorno della rete.,globale:T-1237,
P1,sync-rete,pending,Salvare più bozze offline.,globale:T-0849,
P1,sync-rete,pending,Salvataggio offline dei commenti.,globale:T-0129,
P1,sync-rete,pending,Salvataggio offline delle posizioni.,globale:T-0132,
P1,sync-rete,pending,Simulare rete 2G.,globale:T-0553,
P1,sync-rete,pending,Simulare rete 3G.,globale:T-0554,
P1,sync-rete,pending,sincronizzazione fallita;,usabilita:U0510,
P1,sync-rete,pending,sincronizzazione incrementale;,globale:T-1802,
P1,sync-rete,passed,Sincronizzazione sul secondo telefono.,usabilita:U0314,Authenticated remote QA: 18/18 applicable; preview a018a091; 2026-08-04
P1,sync-rete,pending,sono stati superati i test di rete lenta;,globale:T-0688,
P1,sync-rete,pending,Stato letto/non letto sincronizzato tra dispositivi.,globale:T-0091,
P1,sync-rete,passed,test automatico del Service Worker.,globale:T-0013,production-smoke: revisione e Service Worker verificati sul dominio live
P1,sync-rete,passed,test di idempotenza;,globale:T-0023,"production-smoke: retry idempotenti di commenti, reazioni, post e documenti"
P1,sync-rete,passed,test offline;,globale:T-0026;usabilita:U0726,offline-queue: due prove automatiche su coda e allegati
P1,sync-rete,pending,test rete lenta;,globale:T-1810;usabilita:U0725,
P1,sync-rete,pending,toccare con rete lenta;,usabilita:U0085,
P1,sync-rete,pending,toccare senza rete;,usabilita:U0086,
P1,sync-rete,pending,vecchi Service Worker;,addendum:A0407,
P1,sync-rete,pending,verifica dall’India o da una rete con caratteristiche equivalenti;,globale:T-1811,
P1,sync-rete,pending,Verificare aggiornamento al successivo ritorno della rete.,globale:T-0831,
P1,sync-rete,pending,Verificare aggiornamento con telefono offline.,globale:T-0832,
P1,sync-rete,pending,Verificare alternativa offline.,globale:T-0397,
P1,sync-rete,pending,"Verificare bozze, se devono essere sincronizzate.",globale:T-1604,
P1,sync-rete,pending,Verificare che il Service Worker utilizzi la cache 1.21.5.,globale:T-0012,
P1,sync-rete,passed,Verificare che non sia necessario cancellare manualmente la cache.,addendum:A0093,Playwright live role/revoke 1/1; preview a4b05356; 2026-08-04
P1,sync-rete,pending,Verificare comportamento offline.,globale:T-1639,
P1,sync-rete,pending,Verificare funzionamento con rete assente.,globale:T-1192,
P1,sync-rete,pending,Verificare gestione della revoca al ritorno della rete.,globale:T-0769,
P1,sync-rete,pending,Verificare nessuna anteprima nella cache pubblica.,globale:T-1007,
P1,sync-rete,pending,Verificare quali dati restano nella Cache API.,globale:T-1629,
P1,sync-rete,passed,Verificare Service Worker.,globale:T-1182,production-smoke: Service Worker live contiene la revisione corrente
P1,sync-rete,passed,"Verificare sincronizzazione, se prevista.",usabilita:U0275,"Playwright Galaxy S9+ su tre contesti: viaggiatore, familiare e pubblico; identità ospite server, like aggiunto/rimosso, commento creato/modificato/eliminato, sync automatica e comandi proprietà; preview c9d82d89; 2026-08-04"
P1,sync-rete,passed,Verificare sincronizzazione.,usabilita:U0262;usabilita:U0470,"Playwright Galaxy S9+ su tre contesti: viaggiatore, familiare e pubblico; identità ospite server, like aggiunto/rimosso, commento creato/modificato/eliminato, sync automatica e comandi proprietà; preview c9d82d89; 2026-08-04 | Playwright su viaggiatore e coordinatore: inserimento e rimozione propagati automaticamente; preview 20382a40; 2026-08-04"
P1,sync-rete,pending,Verificare tempo di apertura su rete 3G.,globale:T-1676,
P1,sync-rete,pending,Verificare trigger della sincronizzazione.,globale:T-1042,
P1,sync-rete,passed,Verificare unicità delle operazioni idempotenti.,globale:T-1025,production-smoke: unicita operazioni idempotenti verificata
P1,sync-rete,pending,Viene simulata una rete lenta.,globale:T-1746,
P1,sync-rete,pending,Viene verificato il ritorno della rete.,globale:T-1747,
P2,mappe-posizione,pending,Apertura mappa.,globale:T-1203,
P2,mappe-posizione,passed,Aprire la mappa completa.,usabilita:U0339,"Playwright Galaxy S9+ reale: touch fisico, 14 giornate, persistenza, 14 ricollocazioni mappa, marker Delhi 1/8 e Ranakpur; pubblicazione HTTP 201 senza duplicati; preview 9913ac2c; 2026-08-04"
P2,mappe-posizione,pending,Aprire la mappa generale.,globale:T-0381,
P2,mappe-posizione,pending,Aprire la mappa.,globale:T-1390;globale:T-1769,
P2,mappe-posizione,passed,Aprire la mini-mappa della giornata.,usabilita:U0338,"Playwright Galaxy S9+ reale: touch fisico, 14 giornate, persistenza, 14 ricollocazioni mappa, marker Delhi 1/8 e Ranakpur; pubblicazione HTTP 201 senza duplicati; preview 9913ac2c; 2026-08-04"
P2,mappe-posizione,passed,Aprire mappa.,usabilita:U0461,Playwright mobile: cartina posizioni aperta su viaggiatore e coordinatore; preview 20382a40; 2026-08-04
P2,mappe-posizione,pending,Aprire una mappa tramite collegamento.,globale:T-0383,
P2,mappe-posizione,passed,Chiudere mappa.,usabilita:U0462,Playwright mobile: chiusura smonta cartina e marker prima del cambio dispositivo; preview 20382a40; 2026-08-04
P2,mappe-posizione,pending,Copiare il collegamento della mappa.,globale:T-0971,
P2,mappe-posizione,pending,Correggere i popup della mappa per impedire inserimento di HTML o script nei nomi.,globale:T-0186,
P2,mappe-posizione,pending,Descrizione dei marker della mappa.,globale:T-1063,
P2,mappe-posizione,pending,Itinerario → giorno → mappa → indietro.,globale:T-1414,
P2,mappe-posizione,pending,Mappa → Google Maps → ritorno all’app.,globale:T-1416,
P2,mappe-posizione,pending,"Mappa con coordinate 0,0.",globale:T-0945,
P2,mappe-posizione,pending,Mappa con dieci persone nello stesso punto.,globale:T-0946,
P2,mappe-posizione,pending,Mappa con latitudine -90.,globale:T-0948;globale:T-0949,
P2,mappe-posizione,pending,Mappa con longitudine -180.,globale:T-0950;globale:T-0951,
P2,mappe-posizione,pending,Mappa con una persona fuori dall’India.,globale:T-0953,
P2,mappe-posizione,passed,Mappa.,usabilita:U0080,"Playwright Galaxy S9+ reale: touch fisico, 14 giornate, persistenza, 14 ricollocazioni mappa, marker Delhi 1/8 e Ranakpur; pubblicazione HTTP 201 senza duplicati; preview 9913ac2c; 2026-08-04"
P2,mappe-posizione,pending,menu non nascosto dietro la mappa;,addendum:A0240,
P2,mappe-posizione,pending,Misurare apertura mappa.,globale:T-0583,
P2,mappe-posizione,pending,Misurare batteria con mappa aperta.,globale:T-1659,
P2,mappe-posizione,pending,nessun popup della mappa sopra una conferma di sicurezza;,addendum:A0248,
P2,mappe-posizione,passed,Selezionare ogni giorno dai pulsanti della mappa.,usabilita:U0341,"Playwright Galaxy S9+ reale: touch fisico, 14 giornate, persistenza, 14 ricollocazioni mappa, marker Delhi 1/8 e Ranakpur; pubblicazione HTTP 201 senza duplicati; preview 9913ac2c; 2026-08-04"
P2,mappe-posizione,pending,Tornare dalla mappa.,globale:T-0976,
P2,mappe-posizione,pending,Trascinare la mappa.,usabilita:U0351,
P2,mappe-posizione,pending,Verificare apertura della mappa precisa.,globale:T-0981,
P2,mappe-posizione,pending,Verificare che il collegamento riapra la stessa mappa.,globale:T-0398,
P2,mappe-posizione,pending,Verificare mappa quando Google Maps non risponde.,globale:T-0961,
P2,mappe-posizione,pending,Verificare mappa quando OpenFreeMap non risponde.,globale:T-0962,
P2,media-upload,pending,un cambio di ruolo viene applicato immediatamente;,addendum:A0452,
P2,media-upload,pending,Verificare cancellazione immediata dalla mappa.,globale:T-1463,
P2,profili-ruoli,pending,"A modifica profilo, B vede modifica.",usabilita:U0562,
P2,profili-ruoli,passed,Accedere come Viaggiatore A.,globale:T-0321;addendum:A0066,Playwright same-device identity switch 5/5; preview 39b1fb83; 2026-08-04
P2,profili-ruoli,pending,accedere come Viaggiatore B;,addendum:A0069,
P2,profili-ruoli,passed,Accedere come Viaggiatore.,addendum:A0088,Playwright live role/revoke 1/1; preview a4b05356; 2026-08-04
P2,profili-ruoli,pending,Aggiungere funzione di cancellazione del proprio profilo.,globale:T-0045,
P2,profili-ruoli,pending,Aprire il proprio profilo.,usabilita:U0070;usabilita:U0370,
P2,profili-ruoli,pending,Aprire la Bacheca come Viaggiatore.,usabilita:U0097,
P2,profili-ruoli,pending,Aprire un profilo.,globale:T-1393,
P2,profili-ruoli,passed,Assegnare ruolo.,usabilita:U0376,Playwright mobile people/roles 1/1; preview 64167f5a; 2026-08-04
P2,profili-ruoli,passed,Cambiare il ruolo in Viaggiatore.,addendum:A0096,Playwright live role/revoke 1/1; preview a4b05356; 2026-08-04
P2,profili-ruoli,pending,Cambiare profilo sullo stesso dispositivo.,globale:T-0858,
P2,profili-ruoli,passed,Commento come Viaggiatore.,usabilita:U0297,Authenticated remote QA: 18/18 applicable; preview a018a091; 2026-08-04
P2,profili-ruoli,pending,condizione dopo cambio ruolo;,addendum:A0288,
P2,profili-ruoli,pending,Confrontare numero di profili.,globale:T-1162,
P2,profili-ruoli,pending,Controllo profilo.,globale:T-1216,
P2,profili-ruoli,pending,Creare il profilo del Viaggiatore A.,globale:T-0698,
P2,profili-ruoli,pending,Creare il profilo del Viaggiatore B.,globale:T-0699,
P2,profili-ruoli,passed,Creare profilo.,usabilita:U0374,Playwright mobile people/roles 1/1; preview 64167f5a; 2026-08-04
P2,profili-ruoli,pending,Creare un profilo.,globale:T-0343,
P2,profili-ruoli,passed,creazione profilo;,globale:T-0733;usabilita:U0653,Playwright mobile people/roles 1/1; preview 64167f5a; 2026-08-04
P2,profili-ruoli,passed,da Familiare a Viaggiatore.,addendum:A0087,Playwright same-device identity switch 5/5; preview 39b1fb83; 2026-08-04
P2,profili-ruoli,passed,da Viaggiatore a Pubblico;,addendum:A0085,Playwright same-device identity switch 5/5; preview 39b1fb83; 2026-08-04
P2,profili-ruoli,pending,Deep link del profilo.,globale:T-0242,
P2,profili-ruoli,pending,è visibile al ruolo corretto;,usabilita:U0667,
P2,profili-ruoli,pending,elenco degli endpoint per ruolo;,addendum:A0468,
P2,profili-ruoli,pending,elenco dei tasti disabilitati per ruolo;,addendum:A0471,
P2,profili-ruoli,pending,elenco dei tasti nascosti per ruolo;,addendum:A0470,
P2,profili-ruoli,pending,esiste un solo profilo;,addendum:A0298,
P2,profili-ruoli,passed,Feed differente in base al ruolo.,globale:T-0068,"QA 1.31.0: feed pubblico, ospite e viaggiatore restituiscono contenuti differenti"
P2,profili-ruoli,pending,il codice comune non permette di impersonare un profilo;,globale:T-0674,
P2,profili-ruoli,passed,il ruolo restituito dal server prevale sempre sul ruolo locale;,addendum:A0060,Playwright credential precedence 4/4; preview 06eec926; 2026-08-04
P2,profili-ruoli,pending,il server restituisce soltanto i dati necessari al ruolo;,addendum:A0455,
P2,profili-ruoli,passed,il Viaggiatore agisca soltanto sulle proprie risorse;,addendum:A0379,Authenticated remote QA + mobile publication; preview a018a091; 2026-08-04
P2,profili-ruoli,pending,Il Viaggiatore non deve poter scrivere il nome di un’altra persona.,usabilita:U0168,
P2,profili-ruoli,passed,Impedire definitivamente di selezionare l’identità di un altro Viaggiatore.,globale:T-0035,QA 1.31.0: nomi e identita inviati dal browser vengono ignorati dal server
P2,profili-ruoli,pending,l’Ospite non erediti privilegi da un profilo memorizzato;,addendum:A0378,
P2,profili-ruoli,pending,lettura profilo;,globale:T-0738,
P2,profili-ruoli,pending,Manipolare profile_id nell’URL.,globale:T-0483,
P2,profili-ruoli,passed,menu del ruolo;,addendum:A0080,Playwright same-device identity switch 5/5; preview 39b1fb83; 2026-08-04
P2,profili-ruoli,pending,modifica profilo altrui;,globale:T-0743,
P2,profili-ruoli,pending,modifica profilo proprio;,globale:T-0744;usabilita:U0644,
P2,profili-ruoli,passed,Modifica profilo.,usabilita:U0654,Playwright mobile people/roles 1/1; preview 64167f5a; 2026-08-04
P2,profili-ruoli,pending,modifica ruolo;,globale:T-0745,
P2,profili-ruoli,pending,Modificare contemporaneamente lo stesso profilo da due dispositivi.,globale:T-0797,
P2,profili-ruoli,pending,Modificare il nome del profilo A.,globale:T-0702,
P2,profili-ruoli,pending,Modificare il profilo dalla seconda.,globale:T-1591,
P2,profili-ruoli,pending,Modificare il proprio profilo.,usabilita:U0371,
P2,profili-ruoli,pending,Modificare localStorage con il nome di un altro Viaggiatore.,usabilita:U0171,
P2,profili-ruoli,pending,Modificare location profile_id.,usabilita:U0575,
P2,profili-ruoli,pending,Modificare manualmente profile_id.,globale:T-0326,
P2,profili-ruoli,pending,Modificare profile_id nella richiesta.,usabilita:U0173,
P2,profili-ruoli,passed,Modificare profile_id.,globale:T-0621;usabilita:U0569,Authenticated remote QA: 18/18 applicable; preview a018a091; 2026-08-04
P2,profili-ruoli,passed,Modificare profilo.,usabilita:U0375,Playwright mobile people/roles 1/1; preview 64167f5a; 2026-08-04
P2,profili-ruoli,pending,Moltiplicare per tutti i Viaggiatori e familiari.,globale:T-1537,
P2,profili-ruoli,pending,Mostrare un messaggio preciso: “Per pubblicare devi prima collegare questo dispositivo al tuo profilo”.,usabilita:U0007,
P2,profili-ruoli,passed,nessun utente può risultare contemporaneamente Viaggiatore A e Viaggiatore B.,addendum:A0065,Playwright credential precedence 4/4; preview 06eec926; 2026-08-04
P2,profili-ruoli,pending,nomi differenti per lo stesso ruolo;,addendum:A0410,
P2,profili-ruoli,pending,Non associare automaticamente un profilo scelto dal client.,usabilita:U0482,
P2,profili-ruoli,passed,non deve modificare il ruolo reale;,addendum:A0277,"ui-coordinator-grid touch ripetuto due volte: token, profile-id e ruolo coordinatore restano identici durante navigazione e riapertura della griglia; ruolo confermato da auth/session"
P2,profili-ruoli,pending,non deve poter scegliere il profilo di un Viaggiatore;,usabilita:U0026,
P2,profili-ruoli,pending,non esistono profili;,addendum:A0297,
P2,profili-ruoli,passed,Non modificare profili altrui.,usabilita:U0373,Playwright mobile people/roles 1/1; preview 64167f5a; 2026-08-04
P2,profili-ruoli,passed,Non modificare profili.,usabilita:U0368,Playwright mobile people/roles 1/1; preview 64167f5a; 2026-08-04
P2,profili-ruoli,pending,Passare a vista Viaggiatore.,usabilita:U0453,
P2,profili-ruoli,passed,profile_id;,addendum:A0073,Playwright same-device identity switch 5/5; preview 39b1fb83; 2026-08-04
P2,profili-ruoli,passed,profilo corretto;,usabilita:U0590;usabilita:U0599;usabilita:U0604;usabilita:U0640,Playwright mobile UI + HTTP 201 + production-smoke identity; preview 4bc152c6; 2026-08-04
P2,profili-ruoli,pending,profilo creato;,globale:T-1575,
P2,profili-ruoli,pending,profilo di un’altra persona;,addendum:A0121,
P2,profili-ruoli,pending,profilo modificato;,globale:T-1576,
P2,profili-ruoli,pending,profilo non collegato;,usabilita:U0496,
P2,profili-ruoli,pending,profilo o ospite corretto;,usabilita:U0597,
P2,profili-ruoli,pending,profilo;,globale:T-1577,
P2,profili-ruoli,pending,Protezione contro modifica manuale del profile_id.,globale:T-0225,
P2,profili-ruoli,pending,Protezione contro modifica manuale del ruolo.,globale:T-0226,
P2,profili-ruoli,passed,reinviarla dopo cambio ruolo;,addendum:A0329,Live demotion command 403 + authenticated remote QA 20/20; preview a4b05356; 2026-08-04
P2,profili-ruoli,pending,risultati dei test API per ruolo;,addendum:A0475,
P2,profili-ruoli,pending,risultati dei test di cambio ruolo;,addendum:A0478,
P2,profili-ruoli,pending,Risultati filtrati in base al ruolo.,globale:T-1704,
P2,profili-ruoli,pending,ruolo corrente;,addendum:A0414,
P2,profili-ruoli,pending,ruolo modificato;,globale:T-1581,
P2,profili-ruoli,pending,ruolo mostrato;,addendum:A0045,
P2,profili-ruoli,passed,ruolo;,globale:T-1582;usabilita:U0388,Playwright mobile people/roles 1/1; preview 64167f5a; 2026-08-04
P2,profili-ruoli,pending,se è Viaggiatore;,addendum:A0429,
P2,profili-ruoli,passed,"Se la pubblicazione richiede obbligatoriamente un profilo personale, non mostrare il compositore finché il dispositivo non è associato a un profilo.",usabilita:U0003,"Playwright Galaxy S9+ reale: touch fisico, 14 giornate, persistenza, 14 ricollocazioni mappa, marker Delhi 1/8 e Ranakpur; pubblicazione HTTP 201 senza duplicati; preview 9913ac2c; 2026-08-04"
P2,profili-ruoli,pending,telefono B – Viaggiatore 1;,globale:T-0302,
P2,profili-ruoli,pending,telefono C – Viaggiatore 2;,globale:T-0303,
P2,profili-ruoli,pending,Tentare di accedere come Viaggiatore B usando il codice comune.,globale:T-0334,
P2,profili-ruoli,passed,Tentare di modificare un profilo.,usabilita:U0622,Playwright mobile people/roles 1/1; preview 64167f5a; 2026-08-04
P2,profili-ruoli,pending,Tentare di scegliere un profilo esistente.,usabilita:U0634,
P2,profili-ruoli,pending,test come Viaggiatore;,usabilita:U0721,
P2,profili-ruoli,pending,test del percorso completo del Viaggiatore;,globale:T-1806,
P2,profili-ruoli,pending,Tutti controllano il proprio profilo.,globale:T-1733,
P2,profili-ruoli,pending,Verificare che il cambio di anteprima non modifichi il ruolo reale.,usabilita:U0455,
P2,profili-ruoli,pending,Verificare che il codice comune non consenta di riattivare il profilo.,globale:T-1618,
P2,profili-ruoli,pending,Verificare che il nome del marker corrisponda al profilo A.,globale:T-0711,
P2,profili-ruoli,pending,Verificare che il profilo non compaia nel feed.,globale:T-1327,
P2,profili-ruoli,pending,Verificare che il Viaggiatore modifichi soltanto il proprio profilo.,globale:T-0356,
P2,profili-ruoli,pending,Verificare che non sia possibile pubblicare utilizzando il nome del Viaggiatore B.,globale:T-0719,
P2,profili-ruoli,pending,Verificare che ogni comando appartenga al profilo corretto.,usabilita:U0076,
P2,profili-ruoli,pending,Verificare comportamento dopo cambio profilo.,globale:T-1361,
P2,profili-ruoli,pending,Verificare numero dei Viaggiatori.,usabilita:U0444,
P2,profili-ruoli,pending,Verificare profile_id o guest_id corretto.,usabilita:U0019,
P2,profili-ruoli,pending,Verificare profili precedenti conservati.,globale:T-1039,
P2,profili-ruoli,pending,Verificare profilo colore.,globale:T-1437,
P2,profili-ruoli,passed,Verificare profilo corretto.,globale:T-1610;usabilita:U0405,Authenticated remote QA: 18/18 applicable; preview a018a091; 2026-08-04
P2,profili-ruoli,pending,Verificare ruolo effettivo.,usabilita:U0626,
P2,profili-ruoli,pending,Verificare ruolo mostrato.,usabilita:U0069,
P2,profili-ruoli,pending,Viaggiatore,globale:T-0291;addendum:A0211,
P2,social,pending,1.000 commenti.,globale:T-0558,
P2,social,pending,10.000 commenti.,globale:T-1098,
P2,social,pending,10.000 reazioni.,globale:T-0562,
P2,social,pending,100 commenti in un minuto.,globale:T-1043,
P2,social,pending,100 reazioni in un minuto.,globale:T-1045,
P2,social,pending,2.500 commenti.,globale:T-1099,
P2,social,pending,20.000 reazioni.,globale:T-1100,
P2,social,pending,5.000 reazioni.,globale:T-1103,
P2,social,pending,500 commenti.,globale:T-1105,
P2,social,pending,500 reazioni.,globale:T-1107,
P2,social,pending,Aggiungere limite di commenti al minuto.,globale:T-0054,
P2,social,pending,Aggiungere limite di reazioni al minuto.,globale:T-0055,
P2,social,passed,Aggiungere reazione.,usabilita:U0250,"Playwright Galaxy S9+ su tre contesti: viaggiatore, familiare e pubblico; identità ospite server, like aggiunto/rimosso, commento creato/modificato/eliminato, sync automatica e comandi proprietà; preview c9d82d89; 2026-08-04"
P2,social,pending,Aggiungere reazioni ai commenti.,globale:T-0058,
P2,social,pending,Aggiungere risposte ai commenti.,globale:T-0059,
P2,social,pending,Archivio di post e commenti.,globale:T-1710,
P2,social,passed,"B commenta, A riceve.",usabilita:U0556,Authenticated remote QA: 18/18 applicable; preview a018a091; 2026-08-04
P2,social,pending,Bacheca → post → commenti → indietro.,globale:T-1410,
P2,social,pending,Cambiare reazione.,usabilita:U0251,
P2,social,pending,Cambio reazione.,globale:T-0459,
P2,social,passed,chi può moderare un commento non possa modificare l’identità dell’autore;,addendum:A0384,Authenticated remote QA + mobile publication; preview a018a091; 2026-08-04
P2,social,pending,Chiudi tutti i commenti.,usabilita:U0313,
P2,social,pending,commentare un post;,globale:T-1772,
P2,social,pending,"Commentare, se consentito.",usabilita:U0617,
P2,social,pending,Commentare.,usabilita:U0627,
P2,social,pending,commenti e reazioni non sono manipolabili;,globale:T-0664,
P2,social,pending,Commenti periodici durante la prova.,globale:T-1126,
P2,social,pending,Commento con emoji.,usabilita:U0305,
P2,social,pending,Commento con menzione.,usabilita:U0306,
P2,social,pending,Commento molto lungo.,usabilita:U0304,
P2,social,pending,commento non pubblico;,addendum:A0124,
P2,social,passed,Commento testuale.,globale:T-0463;usabilita:U0299,Authenticated remote QA: 18/18 applicable; preview a018a091; 2026-08-04
P2,social,pending,Commento vuoto.,usabilita:U0303,
P2,social,pending,commento;,globale:T-0730;usabilita:U0546;usabilita:U0642,
P2,social,pending,Confrontare numero di commenti.,globale:T-1159,
P2,social,pending,Confrontare numero di reazioni.,globale:T-1163,
P2,social,pending,Copiare il collegamento del commento.,globale:T-0968,
P2,social,pending,Deep link del singolo commento.,globale:T-0243,
P2,social,pending,Definire cosa accade ai commenti.,globale:T-1317,
P2,social,pending,Definire cosa accade alle reazioni.,globale:T-1319,
P2,social,pending,Definire per quanto tempo vengono conservati i commenti.,globale:T-1342,
P2,social,pending,Errore durante creazione del post con 10 allegati.,globale:T-1148,
P2,social,pending,Espandere tutti i commenti.,globale:T-1398,
P2,social,passed,Il commento non deve rimanere orfano.,globale:T-0794,verify-d1-backup: zero commenti orfani dopo il ripristino
P2,social,pending,Iniziare a scrivere un commento.,globale:T-1399,
P2,social,pending,Inserimento commento.,globale:T-1220,
P2,social,pending,Inserimento reazione.,globale:T-1221,
P2,social,passed,Inviare commento.,usabilita:U0260,"Playwright Galaxy S9+ su tre contesti: viaggiatore, familiare e pubblico; identità ospite server, like aggiunto/rimosso, commento creato/modificato/eliminato, sync automatica e comandi proprietà; preview c9d82d89; 2026-08-04"
P2,social,pending,Moderazione commenti.,usabilita:U0662,
P2,social,passed,modifica commento altrui;,globale:T-0740,QA 1.31.0: attacco modifica commento altrui respinto
P2,social,passed,modifica commento proprio;,globale:T-0741;usabilita:U0307,QA 1.31.0: modifica commento proprio completata | Authenticated remote QA: 18/18 applicable; preview a018a091; 2026-08-04
P2,social,passed,Modifica commento.,globale:T-0468,QA 1.31.0: proprietario modifica correttamente il proprio commento
P2,social,pending,Modificare contemporaneamente la stessa reazione.,globale:T-0796,
P2,social,pending,non esistono commenti;,addendum:A0300,
P2,social,pending,Nuovo commento.,globale:T-0526,
P2,social,pending,Ogni commento deve essere collegato a un post esistente.,globale:T-1015,
P2,social,pending,Ogni reazione deve essere collegata a un post esistente.,globale:T-1020,
P2,social,pending,Paginazione dei commenti.,globale:T-0108,
P2,social,passed,Protezione contro modifica di commenti altrui.,globale:T-0224,QA 1.31.0: secondo viaggiatore non puo modificare il commento altrui
P2,social,pending,Reazione Mi piace.,globale:T-0469,
P2,social,pending,reazione;,globale:T-0751;usabilita:U0643,
P2,social,pending,Ricerca per commento.,globale:T-1698,
P2,social,pending,Ricezione commento.,globale:T-1232,
P2,social,pending,Rimozione reazione.,globale:T-0470,
P2,social,passed,Rimuovere reazione.,usabilita:U0252,"Playwright Galaxy S9+ su tre contesti: viaggiatore, familiare e pubblico; identità ospite server, like aggiunto/rimosso, commento creato/modificato/eliminato, sync automatica e comandi proprietà; preview c9d82d89; 2026-08-04"
P2,social,pending,Risposta al commento.,globale:T-1235,
P2,social,passed,Scrivere commento.,usabilita:U0259,"Playwright Galaxy S9+ su tre contesti: viaggiatore, familiare e pubblico; identità ospite server, like aggiunto/rimosso, commento creato/modificato/eliminato, sync automatica e comandi proprietà; preview c9d82d89; 2026-08-04"
P2,social,passed,Tentare modifica commento altrui.,globale:T-0626,QA 1.31.0: modifica commento altrui negata con HTTP 403
P2,social,passed,Tentare modifica diretta di commenti altrui.,usabilita:U0582,Authenticated remote QA: 18/18 applicable; preview a018a091; 2026-08-04
P2,social,passed,Tentativo di modifica di commento altrui.,usabilita:U0309,Authenticated remote QA: 18/18 applicable; preview a018a091; 2026-08-04
P2,social,passed,Tentativo di modificare commento altrui.,globale:T-0472,QA 1.31.0: modifica commento altrui negata
P2,social,pending,Tutti aggiungono una reazione.,globale:T-1730,
P2,social,pending,Tutti inseriscono un commento.,globale:T-1737,
P2,social,pending,Un solo commento dopo dieci retry.,globale:T-0140,
P2,social,pending,Una sola reazione dopo dieci retry.,globale:T-0144,
P2,social,pending,Verificare apertura del commento preciso.,globale:T-0978,
P2,social,pending,Verificare che l’aggiornamento non chiuda i commenti.,usabilita:U0111,
P2,social,pending,Verificare ora dei commenti.,globale:T-0942,
P2,social,pending,Verificare presenza di una sola reazione per persona.,globale:T-0805,
P2,social,pending,Verificare una sola reazione.,usabilita:U0256,
P2,social,pending,Visualizza tutti i commenti.,usabilita:U0312,
P2,social,pending,Visualizza ultimi commenti.,usabilita:U0311,
P2,usabilita-mobile,pending,Aggiornamento in automobile.,globale:T-1459,
P2,usabilita-mobile,pending,Attivarle su iPhone PWA.,globale:T-0518,
P2,usabilita-mobile,pending,Confrontare iPhone e Android.,globale:T-1653,
P2,usabilita-mobile,pending,funziona su iPhone e Android.,usabilita:U0686,
P2,usabilita-mobile,pending,funziona su iPhone;,globale:T-0255,
P2,usabilita-mobile,pending,Installare la PWA su iPhone.,globale:T-0308,
P2,usabilita-mobile,pending,iPhone con schermo piccolo.,globale:T-1090,
P2,usabilita-mobile,pending,iPhone con versione iOS minima supportata.,globale:T-1091,
P2,usabilita-mobile,pending,iPhone con versione iOS più recente.,globale:T-1092,
P2,usabilita-mobile,pending,iPhone piccolo;,addendum:A0234,
P2,usabilita-mobile,pending,iPhone Pro Max.,globale:T-1093;addendum:A0235,
P2,usabilita-mobile,pending,iPhone PWA;,globale:T-0298,
P2,usabilita-mobile,pending,iPhone Safari;,globale:T-0299,
P2,usabilita-mobile,pending,sono stati superati i test iPhone;,globale:T-0689,
P2,usabilita-mobile,pending,test iPhone;,globale:T-1807;usabilita:U0716,
P2,usabilita-mobile,pending,Test Push su iPhone con PWA installata.,globale:T-0097,
P2,usabilita-mobile,pending,test visuali mobile;,globale:T-0028,
P2,usabilita-mobile,pending,Utilizzare l’app in automobile come passeggero.,globale:T-0597,
P2,usabilita-mobile,pending,Verificare formato iPhone.,usabilita:U0228,
P2,usabilita-mobile,pending,Verificare Live Photo iPhone.,globale:T-1435,
P2,usabilita-mobile,pending,VoiceOver su iPhone.,globale:T-1077,
P3,altro,pending,“Visibile al gruppo” significhi controllo effettivo della visibilità.,addendum:A0393,
P3,altro,pending,1.000 caratteri.,globale:T-0881,
P3,altro,pending,1.000 post.,globale:T-0559,
P3,altro,pending,10 allegati per post.,globale:T-0560,
P3,altro,pending,10 utenti contemporanei.,globale:T-0561,
P3,altro,pending,10.000 caratteri.,globale:T-0882,
P3,altro,pending,100 iscrizioni Push dallo stesso dispositivo.,globale:T-1044,
P3,altro,pending,100 post.,globale:T-0563,
P3,altro,pending,100 ricerche di luoghi in un minuto.,globale:T-1046,
P3,altro,pending,100 richieste di ricerca inversa in un minuto.,globale:T-1047,
P3,altro,pending,2 utenti contemporanei.,globale:T-0564,
P3,altro,pending,25 utenti attivi.,globale:T-1101,
P3,altro,pending,25 utenti contemporanei.,globale:T-0565,
P3,altro,passed,401 o 403;,usabilita:U0583,Authenticated remote QA: 18/18 applicable; preview a018a091; 2026-08-04
P3,altro,pending,5 utenti attivi.,globale:T-1102,
P3,altro,pending,5 utenti contemporanei.,globale:T-0566,
P3,altro,pending,50 utenti attivi.,globale:T-1104,
P3,altro,pending,50 utenti contemporanei.,globale:T-0567,
P3,altro,pending,500 post.,globale:T-1106,
P3,altro,passed,"A reagisce, B riceve.",usabilita:U0557,Authenticated remote QA: 18/18 applicable; preview a018a091; 2026-08-04
P3,altro,pending,AAC.,globale:T-0423,
P3,altro,pending,Abbassare e aumentare il volume.,globale:T-0906,
P3,altro,pending,Accedere nella prima scheda.,globale:T-1586,
P3,altro,pending,Accedere sul nuovo telefono.,globale:T-1600,
P3,altro,pending,Accedere sul vecchio telefono.,globale:T-1601,
P3,altro,pending,accenti;,globale:T-1285;usabilita:U0392,
P3,altro,pending,aggiorna gli altri dispositivi;,usabilita:U0678,
P3,altro,pending,aggiorna l’interfaccia;,usabilita:U0677,
P3,altro,pending,Aggiornamenti contemporanei da tre telefoni.,globale:T-0568,
P3,altro,pending,Aggiornamento camminando.,globale:T-1453,
P3,altro,pending,Aggiornamento con app in background.,globale:T-1454,
P3,altro,pending,Aggiornamento con risparmio batteria attivo.,globale:T-1455,
P3,altro,pending,Aggiornamento continuo volontario.,globale:T-0199,
P3,altro,pending,Aggiornamento da fermo.,globale:T-1457,
P3,altro,pending,aggiornamento dell’app.,usabilita:U0550,
P3,altro,pending,Aggiornamento in aeroporto.,globale:T-1458,
P3,altro,pending,Aggiornamento in treno.,globale:T-1461,
P3,altro,pending,Aggiornamento in tuk-tuk.,globale:T-1462,
P3,altro,passed,aggiornamento sul secondo dispositivo;,usabilita:U0400,Playwright mobile people/roles 1/1; preview 64167f5a; 2026-08-04
P3,altro,pending,Aggiornamento sul secondo telefono.,usabilita:U0164,
P3,altro,passed,Aggiungere “Disconnetti tutti i dispositivi”.,globale:T-0029,QA 1.28.0: logout di tutti i dispositivi e sessione successivamente negata
P3,altro,pending,Aggiungere blocco di un ospite.,globale:T-0053,
P3,altro,pending,Aggiungere chiavi esterne o controlli equivalenti.,globale:T-1009,
P3,altro,pending,Aggiungere data di accettazione dell’informativa.,globale:T-0044,
P3,altro,pending,Aggiungere data e ora locale dell’India.,globale:T-0182,
P3,altro,pending,Aggiungere funzione di esportazione dei propri dati.,globale:T-0046,
P3,altro,pending,Aggiungere indirizzi copiabili.,globale:T-0184,
P3,altro,pending,Aggiungere informativa sul trattamento dei dati.,globale:T-0047,
P3,altro,pending,Aggiungere nuovamente un file rimosso.,usabilita:U0212,
P3,altro,pending,Aggiungere precisione della geolocalizzazione.,globale:T-0185,
P3,altro,pending,Aggiungere procedura periodica di controllo integrità.,globale:T-1147,
P3,altro,pending,Aggiungere protezione antispam.,globale:T-0057,
P3,altro,pending,Aggiungere pulsante “Cancella dati da questo dispositivo”.,globale:T-1621,
P3,altro,passed,Aggiungere revoca del singolo dispositivo.,globale:T-0031,production-smoke: revoca del dispositivo secondario e lista aggiornata
P3,altro,passed,Aggiungere scadenza per inattività.,globale:T-0033,QA 1.31.0: sessione inattiva da 30 giorni respinta con HTTP 401
P3,altro,pending,Aggiungere scansione automatica dei segreti nella pipeline.,globale:T-1492,
P3,altro,pending,Aggiungere segnalazione dei contenuti.,globale:T-0060,
P3,altro,pending,Aggiungere un messaggio “Aggiornamento disponibile”.,globale:T-0823,
P3,altro,pending,Allarme in caso di errori ripetuti.,globale:T-0216,
P3,altro,pending,allegati conservati;,usabilita:U0531,
P3,altro,pending,allegati corretti.,usabilita:U0594,
P3,altro,pending,allegato corretto.,usabilita:U0598,
P3,altro,pending,Alta latenza.,usabilita:U0523,
P3,altro,pending,Ambasciata.,globale:T-0234,
P3,altro,pending,Android Chrome;,globale:T-0293,
P3,altro,pending,Android con caratteri ingranditi;,addendum:A0237,
P3,altro,pending,Android con WebView precedente.,globale:T-1079,
P3,altro,pending,Android di fascia alta.,globale:T-1080,
P3,altro,pending,Android economico con poca memoria.,globale:T-1081,
P3,altro,pending,Android piccolo;,addendum:A0236,
P3,altro,pending,Android PWA;,globale:T-0294,
P3,altro,pending,Annullare dalla finestra di conferma.,usabilita:U0282,
P3,altro,pending,Annullare lo scatto.,usabilita:U0191,
P3,altro,passed,Annullare.,usabilita:U0432,Playwright mobile: Annulla mantiene documento e indicatore Presente; preview c90ec547; 2026-08-04
P3,altro,pending,Apertura dell’archivio su macOS.,globale:T-1705,
P3,altro,pending,Apertura dell’archivio su telefono.,globale:T-1706,
P3,altro,pending,Apertura dell’archivio su Windows.,globale:T-1707,
P3,altro,pending,API funzionanti;,globale:T-1748,
P3,altro,pending,API sensibili con no-store.,globale:T-1468,
P3,altro,pending,Apostrofi e virgolette.,globale:T-0883,
P3,altro,pending,apostrofi;,globale:T-1286;usabilita:U0393,
P3,altro,pending,App aperta per 24 ore.,globale:T-1123,
P3,altro,pending,App aperta per 8 ore.,globale:T-1124,
P3,altro,pending,App aperta.,globale:T-0513,
P3,altro,pending,App chiusa.,globale:T-0514,
P3,altro,pending,App in background.,globale:T-0515,
P3,altro,pending,App utilizzata per 48 ore.,globale:T-1125,
P3,altro,passed,appartenenti a un altro utente;,addendum:A0350,Authenticated cross-owner QA 20/20; preview a4b05356; 2026-08-04
P3,altro,pending,Applicare un filtro al feed.,globale:T-1389,
P3,altro,pending,approvazione dell’utilizzatore finale.,globale:T-1240,
P3,altro,pending,Aprire condivisione nativa.,usabilita:U0263,
P3,altro,passed,Aprire conferma.,usabilita:U0431,Playwright mobile: conferma distruttiva aperta dal comando Elimina; preview c90ec547; 2026-08-04
P3,altro,passed,Aprire coordinate corrette.,usabilita:U0466,"Playwright: URL Google Maps search contiene 28.6139,77.209; preview 20382a40; 2026-08-04"
P3,altro,passed,Aprire da un secondo dispositivo.,usabilita:U0274,"Playwright Galaxy S9+ su tre contesti: viaggiatore, familiare e pubblico; identità ospite server, like aggiunto/rimosso, commento creato/modificato/eliminato, sync automatica e comandi proprietà; preview c9d82d89; 2026-08-04"
P3,altro,pending,Aprire due schede con versioni differenti.,globale:T-0824,
P3,altro,pending,Aprire e utilizzare l’app.,globale:T-0825,
P3,altro,pending,Aprire Google Maps.,globale:T-0495;usabilita:U0356,
P3,altro,pending,Aprire il campo.,usabilita:U0257,
P3,altro,pending,Aprire il dominio.,usabilita:U0612,
P3,altro,pending,Aprire il luogo dal feed.,usabilita:U0248,
P3,altro,pending,Aprire il pannello personale.,usabilita:U0067,
P3,altro,pending,Aprire il primo allegato di un carosello.,globale:T-0907,
P3,altro,pending,Aprire il registratore.,usabilita:U0214,
P3,altro,pending,Aprire l’app in due schede dello stesso browser.,globale:T-1588,
P3,altro,pending,Aprire l’app online.,globale:T-0533,
P3,altro,pending,Aprire l’ultimo allegato.,globale:T-0908,
P3,altro,pending,Aprire la galleria.,usabilita:U0194,
P3,altro,pending,Aprire la tastiera.,globale:T-1391,
P3,altro,pending,Aprire menu.,usabilita:U0276,
P3,altro,pending,Aprire nuovamente la PWA.,globale:T-0306,
P3,altro,pending,Aprire un post specifico.,globale:T-1392,
P3,altro,pending,Aprirlo su un secondo telefono.,globale:T-0967,
P3,altro,pending,Archivio di tutti i 14 giorni.,globale:T-1711,
P3,altro,pending,Archivio di un solo giorno.,globale:T-1712,
P3,altro,pending,Archivio di una sola persona.,globale:T-1713,
P3,altro,pending,Archivio finale.,globale:T-0235,
P3,altro,pending,area effettiva di almeno 44×44 pixel;,addendum:A0222,
P3,altro,pending,array e oggetti inviati al posto di testo.,globale:T-1287,
P3,altro,pending,Arresto automatico alla scadenza.,globale:T-0200,
P3,altro,pending,ASSENTE,addendum:A0396,
P3,altro,pending,assenza di duplicazioni;,globale:T-1108,
P3,altro,pending,assenza di errori bloccanti aperti.,globale:T-1788,
P3,altro,pending,Attivare modalità aereo.,globale:T-0534;globale:T-0808,
P3,altro,pending,Attivare modalità manualmente.,globale:T-1643,
P3,altro,pending,Attivarle su Android PWA.,globale:T-0517,
P3,altro,pending,attivo;,addendum:A0160,
P3,altro,pending,Audit log.,globale:T-0217,
P3,altro,pending,Aumento improvviso dei tempi di risposta.,globale:T-1541,
P3,altro,pending,autenticazione e identità;,globale:T-1789,
P3,altro,pending,autore corretto;,usabilita:U0589;usabilita:U0596,
P3,altro,passed,Autore determinato dal server.,usabilita:U0485,Playwright mobile UI + HTTP 201 + production-smoke identity; preview 4bc152c6; 2026-08-04
P3,altro,pending,Avviare la registrazione.,usabilita:U0217,
P3,altro,passed,Bacheca.,usabilita:U0077,"Playwright Galaxy S9+ reale: touch fisico, 14 giornate, persistenza, 14 ricollocazioni mappa, marker Delhi 1/8 e Ranakpur; pubblicazione HTTP 201 senza duplicati; preview 9913ac2c; 2026-08-04"
P3,altro,pending,batteria telefono;,globale:T-1110,
P3,altro,pending,Bloccare e sbloccare lo schermo.,globale:T-1396,
P3,altro,pending,Bloccare lo schermo durante la registrazione.,globale:T-0446,
P3,altro,pending,bloccare lo schermo;,globale:T-0809;usabilita:U0231;usabilita:U0539,
P3,altro,pending,BLOCCATO,globale:T-0277;usabilita:U0033,
P3,altro,pending,bonifica periodica dei file orfani.,globale:T-0145,
P3,altro,pending,Bozza conservata.,usabilita:U0487;usabilita:U0530,
P3,altro,pending,Bozza recuperabile.,usabilita:U0491,
P3,altro,pending,bozze personali;,addendum:A0074,
P3,altro,pending,Browser con cookie/storage bloccati.,globale:T-1082,
P3,altro,pending,browser;,globale:T-1241,
P3,altro,passed,button senza onClick;,addendum:A0179,"TypeScript JSX inventory: 115 interactive elements, zero missing handlers/empty links; Playwright credential flow"
P3,altro,pending,Calcolare consumo massimo di un post con 10 allegati.,globale:T-1524,
P3,altro,pending,Calcolare consumo per 14 giorni.,globale:T-1525,
P3,altro,pending,Calcolare hash dei file.,globale:T-1157,
P3,altro,pending,Calcolare numero di richieste per utente al giorno.,globale:T-1526,
P3,altro,pending,Calcolare richieste Push.,globale:T-1530,
P3,altro,pending,"Calcolare traffico generato dal polling ogni 2,5 secondi.",globale:T-1532,
P3,altro,pending,Cambiare applicazione.,globale:T-0447;globale:T-0810;usabilita:U0232;usabilita:U0540,
P3,altro,pending,Cambiare da Wi-Fi a dati mobili.,globale:T-0535,
P3,altro,pending,Cambiare data e ora del telefono.,globale:T-0754,
P3,altro,pending,Cambiare filtro.,globale:T-1678,
P3,altro,pending,Cambiare post durante la riproduzione.,globale:T-0910,
P3,altro,pending,Cambiare sezione.,globale:T-1397,
P3,altro,pending,Cambio Wi-Fi/dati mobili.,usabilita:U0526,
P3,altro,passed,campi cliccabili;,addendum:A0009,"TypeScript JSX inventory: 115 interactive elements, zero missing handlers/empty links; Playwright credential flow"
P3,altro,pending,Cancellare dati sensibili dopo logout.,globale:T-1622,
P3,altro,pending,caratteri HTML;,globale:T-1288,
P3,altro,pending,caratteri invisibili;,globale:T-1289,
P3,altro,pending,caratteri JavaScript;,globale:T-1290,
P3,altro,pending,casuali;,addendum:A0349,
P3,altro,pending,catturare la richiesta;,addendum:A0323,
P3,altro,pending,Cercare file .env nello ZIP.,globale:T-1494,
P3,altro,pending,Cercare GROUP_CODE nel bundle JavaScript.,globale:T-1495,
P3,altro,pending,Cercare ID o credenziali non necessarie.,globale:T-1496,
P3,altro,pending,Cercare segreti nei file sorgenti.,globale:T-1497,
P3,altro,pending,Cercare segreti nei log GitHub Actions.,globale:T-1498,
P3,altro,pending,Cercare segreti nei messaggi di errore.,globale:T-1499,
P3,altro,pending,Cercare segreti nella cronologia Git.,globale:T-1501,
P3,altro,pending,Cercare un luogo manualmente.,usabilita:U0243,
P3,altro,pending,Chiamare il numero di emergenza.,globale:T-1184,
P3,altro,pending,Chiudere completamente l’app.,globale:T-0536,
P3,altro,pending,Chiudere e riaprire il pannello.,usabilita:U0049,
P3,altro,passed,Chiudere e riaprire l’app.,usabilita:U0051;usabilita:U0272,Playwright mobile UI + HTTP 201 + production-smoke identity; preview 4bc152c6; 2026-08-04
P3,altro,passed,Chiudere e riaprire.,globale:T-0360;usabilita:U0331,"Playwright Galaxy S9+ reale: touch fisico, 14 giornate, persistenza, 14 ricollocazioni mappa, marker Delhi 1/8 e Ranakpur; pubblicazione HTTP 201 senza duplicati; preview 9913ac2c; 2026-08-04"
P3,altro,pending,chiudere forzatamente la PWA;,globale:T-0811;usabilita:U0538,
P3,altro,pending,Chiudere il browser.,globale:T-0756,
P3,altro,pending,Chiudere il pannello.,usabilita:U0059,
P3,altro,pending,chiudere la finestra;,usabilita:U0537,
P3,altro,pending,chiudere la scheda;,globale:T-0812,
P3,altro,pending,Chiudere menu.,usabilita:U0277,
P3,altro,pending,Chiudere senza contenuti.,usabilita:U0136,
P3,altro,pending,Chiusura app.,globale:T-1208,
P3,altro,pending,chiusura con tasto Indietro;,addendum:A0245,
P3,altro,passed,Chiusura del compositore soltanto dopo conferma del server.,usabilita:U0162,"Playwright mobile: loading held, disabled state, duplicate click, HTTP 201, confirmation; preview 9393a1aa"
P3,altro,pending,Chiusura e riapertura.,globale:T-1209;usabilita:U0399,
P3,altro,pending,"chiusura toccando fuori, se prevista;",addendum:A0244,
P3,altro,pending,Chrome.,globale:T-1083,
P3,altro,passed,Città di provenienza.,usabilita:U0386,Playwright mobile people/roles 1/1; preview 64167f5a; 2026-08-04
P3,altro,pending,Coda automatica degli invii.,globale:T-0117,
P3,altro,pending,codice di risposta;,addendum:A0417,
P3,altro,passed,Cognome.,usabilita:U0383,Playwright mobile people/roles 1/1; preview 64167f5a; 2026-08-04
P3,altro,passed,collegamenti con href vuoto;,addendum:A0182,"TypeScript JSX inventory: 115 interactive elements, zero missing handlers/empty links; Playwright credential flow"
P3,altro,passed,collegamenti con solo “#”;,addendum:A0183,"TypeScript JSX inventory: 115 interactive elements, zero missing handlers/empty links; Playwright credential flow"
P3,altro,pending,Collegamenti Internet.,globale:T-0884,
P3,altro,passed,collegamenti;,addendum:A0003,"TypeScript JSX inventory: 115 interactive elements, zero missing handlers/empty links; Playwright credential flow"
P3,altro,pending,collegamento ricevuto da un altro utente.,addendum:A0128,
P3,altro,pending,collegamento salvato prima del logout;,addendum:A0127,
P3,altro,pending,Collegare cuffie Bluetooth.,globale:T-0911,
P3,altro,pending,Collegare il deploy automatico da GitHub a Cloudflare.,globale:T-0003,
P3,altro,pending,comandi collegati a endpoint inesistenti;,addendum:A0186,
P3,altro,passed,comandi generati dinamicamente.,addendum:A0015,"TypeScript JSX inventory: 115 interactive elements, zero missing handlers/empty links; Playwright credential flow"
P3,altro,passed,comandi presenti nelle finestre modali;,addendum:A0013,"TypeScript JSX inventory: 115 interactive elements, zero missing handlers/empty links; Playwright credential flow"
P3,altro,passed,comandi visibili soltanto a determinati ruoli;,addendum:A0014,"TypeScript JSX inventory: 115 interactive elements, zero missing handlers/empty links; Playwright credential flow"
P3,altro,pending,come può cambiare dispositivo.,addendum:A0435,
P3,altro,pending,come può uscire;,addendum:A0434,
P3,altro,pending,commit esatto;,usabilita:U0705,
P3,altro,passed,Comparsa del post nel feed.,usabilita:U0163,"Playwright mobile: loading held, disabled state, duplicate click, HTTP 201, confirmation; preview 9393a1aa"
P3,altro,pending,completato;,addendum:A0194,
P3,altro,pending,COMPLETO,addendum:A0394,
P3,altro,pending,componenti non più utilizzati;,addendum:A0404,
P3,altro,pending,comportamento dopo riapertura;,addendum:A0050,
P3,altro,pending,comportamento dopo ritorno online;,addendum:A0051,
P3,altro,pending,comprensibile.,addendum:A0363,
P3,altro,pending,"computer macOS, se disponibile.",globale:T-0296,
P3,altro,pending,Computer macOS.,globale:T-1084,
P3,altro,pending,computer Windows;,globale:T-0297;globale:T-1085,
P3,altro,pending,comunicare completamento;,addendum:A0258,
P3,altro,pending,Condividere su WhatsApp.,usabilita:U0264,
P3,altro,pending,Condividere tramite messaggio.,usabilita:U0265,
P3,altro,pending,Condivisione con fallback “Copia link”.,globale:T-0237,
P3,altro,pending,Condivisione per 15 minuti.,globale:T-0202,
P3,altro,pending,Condivisione per 30 minuti.,globale:T-0203,
P3,altro,pending,Condivisione per 60 minuti.,globale:T-0204,
P3,altro,pending,condizione dopo logout;,addendum:A0287,
P3,altro,pending,condizione dopo revoca;,addendum:A0289,
P3,altro,pending,condizione iniziale;,addendum:A0285,
P3,altro,pending,condizione quando l’API non risponde;,addendum:A0291,
P3,altro,pending,Conferma prima della condivisione.,globale:T-0205,
P3,altro,pending,Conferma quando la condivisione è terminata.,globale:T-0206,
P3,altro,passed,Confermare.,usabilita:U0433,Playwright mobile: conferma invia DELETE autenticato e riceve 200; preview c90ec547; 2026-08-04
P3,altro,pending,Confrontare numero di allegati.,globale:T-1158,
P3,altro,pending,Confrontare numero di post.,globale:T-1161,
P3,altro,pending,Confronto conteggi prima/dopo.,globale:T-0638,
P3,altro,pending,Consentire a ogni persona di scegliere quali dati rendere visibili.,globale:T-0048,
P3,altro,pending,Consentire all’utente di scegliere quando aggiornare se esiste una bozza.,globale:T-0826,
P3,altro,pending,consentire di tornare alla schermata precedente;,addendum:A0271,
P3,altro,pending,Consentire download dei propri dati.,globale:T-1337,
P3,altro,pending,Consentire geolocalizzazione.,globale:T-0497,
P3,altro,pending,CONSENTITO SOLTANTO CON APPROVAZIONE;,addendum:A0024,
P3,altro,pending,CONSENTITO;,addendum:A0021,
P3,altro,pending,Consultare checklist.,globale:T-0537,
P3,altro,pending,Consultare informazioni di emergenza.,globale:T-0538,
P3,altro,pending,Consultazione emergenze.,globale:T-1210,
P3,altro,pending,consumo batteria;,globale:T-1242,
P3,altro,pending,consumo CPU;,globale:T-1111,
P3,altro,pending,consumo D1;,globale:T-1112,
P3,altro,pending,consumo dati;,globale:T-1243,
P3,altro,pending,Contatti assicurazione.,globale:T-0238,
P3,altro,passed,Content Security Policy.,globale:T-0218;globale:T-1471,production-smoke: header Content-Security-Policy presente
P3,altro,pending,Content-Disposition corretto.,globale:T-1470,
P3,altro,pending,Content-Type corretto.,globale:T-1472,
P3,altro,pending,Contenuti misti.,usabilita:U0120,
P3,altro,passed,contenuto sottostante non cliccabile mentre la modale è aperta;,addendum:A0243,"Playwright Galaxy S9+: invito e sessione server, modale sopra barra, pulsante raggiungibile, stato disabilitato/invio, doppio clic=una richiesta, HTTP 201 e record confermato; preview 9913ac2c; 2026-08-04"
P3,altro,pending,continuazione dopo chiusura dell’app;,globale:T-0148,
P3,altro,pending,Contrasto sufficiente sotto luce solare.,globale:T-1060,
P3,altro,pending,Controllare Delhi iniziale e finale.,globale:T-0384,
P3,altro,pending,Controllare gesture con una mano.,globale:T-0385,
P3,altro,pending,Controllare marker sovrapposti.,globale:T-0386,
P3,altro,pending,Controllare orientamento orizzontale.,globale:T-0387,
P3,altro,pending,Controllare orientamento verticale.,globale:T-0388,
P3,altro,pending,Controllare tutte le coordinate.,globale:T-0389,
P3,altro,pending,controllare tutti i dati mostrati.,addendum:A0070,
P3,altro,pending,Controllare tutti i marker.,globale:T-0390,
P3,altro,pending,Controllare tutti i percorsi.,globale:T-0391,
P3,altro,pending,Controllare zoom automatico.,globale:T-0392,
P3,altro,pending,Controllare zoom con due dita.,globale:T-0393,
P3,altro,pending,controlli errori JavaScript;,addendum:A0204,
P3,altro,pending,controlli frontend diversi dai controlli server;,addendum:A0401,
P3,altro,pending,controlli modifica della schermata;,addendum:A0206,
P3,altro,pending,controlli risposta dell’API;,addendum:A0207,
P3,altro,pending,Controllo che l’operazione venga inviata una sola volta.,globale:T-0118,
P3,altro,pending,Controllo con caratteri ingranditi al 200%.,globale:T-1061,
P3,altro,pending,Controllo con caratteri ingranditi al 300%.,globale:T-1062,
P3,altro,pending,Controllo dei file mancanti.,globale:T-1715,
P3,altro,pending,Controllo dei nomi file.,globale:T-0167,
P3,altro,passed,Controllo della visibilità lato server.,globale:T-0066,QA 1.31.0: quattro livelli di visibilita filtrati lato server
P3,altro,pending,Controllo log.,globale:T-1214;usabilita:U0664,
P3,altro,pending,Controllo programma.,globale:T-1217,
P3,altro,pending,Convertitore euro/rupie.,globale:T-0239,
P3,altro,pending,coordinate corrette;,usabilita:U0593;usabilita:U0605,
P3,altro,pending,Copertina del giorno.,globale:T-0240,
P3,altro,pending,Copiare il collegamento del giorno.,globale:T-0969,
P3,altro,pending,Copiare il collegamento del post.,globale:T-0970,
P3,altro,pending,Copiare indirizzo.,globale:T-1185,
P3,altro,pending,correzione applicata;,globale:T-1244,
P3,altro,pending,creare dati appartenenti alla persona sbagliata;,addendum:A0310,
P3,altro,passed,Creare un’identità ospite controllata per i familiari.,globale:T-0062,production-smoke: identita ospite creata e validata dal server
P3,altro,pending,Creare una bozza testuale.,globale:T-0827,
P3,altro,pending,CSV delle informazioni strutturate.,globale:T-1716,
P3,altro,pending,data corretta.,usabilita:U0603,
P3,altro,pending,data e ora server;,globale:T-1557,
P3,altro,pending,data e ora;,globale:T-1245,
P3,altro,pending,data server corretta;,usabilita:U0606,
P3,altro,pending,Dati mobili.,usabilita:U0520,
P3,altro,pending,dati trasferiti;,globale:T-1114,
P3,altro,pending,Deep link del singolo post.,globale:T-0244,
P3,altro,pending,Definire budget massimo del bundle.,globale:T-1666,
P3,altro,pending,Definire comportamento quando la quota viene superata.,globale:T-1533,
P3,altro,pending,Definire consumo massimo accettabile.,globale:T-1654,
P3,altro,pending,Definire cosa accade ai post.,globale:T-1318,
P3,altro,pending,Definire per quanto tempo vengono conservate le subscription Push.,globale:T-1341,
P3,altro,pending,Definire per quanto tempo vengono conservati i log.,globale:T-1344,
P3,altro,pending,Definire per quanto tempo vengono conservati i post.,globale:T-1345,
P3,altro,pending,Definire perdita massima accettabile dei dati.,globale:T-1164,
P3,altro,pending,Definire se l’originale deve essere conservato.,globale:T-1430,
P3,altro,pending,Definire se l’utente è Ospite.,usabilita:U0479,
P3,altro,pending,Deselezionare un’attività.,usabilita:U0330,
P3,altro,pending,deve avere un nome verificabile;,usabilita:U0025,
P3,altro,pending,deve collegare ogni errore al relativo ID TEST.,addendum:A0426,
P3,altro,pending,deve consentire di ricostruire perché un tasto non ha funzionato;,addendum:A0425,
P3,altro,passed,deve nascondere tasti amministrativi;,addendum:A0280,ui-coordinator-grid touch ripetuto due volte: il Pubblico non monta Griglia coordinatore; soltanto la sessione coordinatore verificata la visualizza
P3,altro,pending,Deve riuscire soltanto una richiesta.,usabilita:U0411,
P3,altro,pending,Diario Mattina/Pomeriggio/Sera.,globale:T-0246,
P3,altro,pending,Dieci allegati.,usabilita:U0150,
P3,altro,pending,dieci tocchi rapidi non generano dieci richieste;,addendum:A0172,
P3,altro,pending,difetti rilevati;,globale:T-1247,
P3,altro,pending,disabilitato con indicazione “Non ancora disponibile”;,addendum:A0196,
P3,altro,pending,disabilitato;,addendum:A0161,
P3,altro,pending,disattivate dal sistema;,globale:T-1374,
P3,altro,pending,disattivate soltanto nell’app.,globale:T-1375,
P3,altro,pending,Dispositivo con batteria inferiore al 10%.,globale:T-1086,
P3,altro,pending,Dispositivo con memoria quasi esaurita.,globale:T-1087,
P3,altro,pending,dispositivo revocato;,globale:T-1559;usabilita:U0495,
P3,altro,pending,dispositivo utilizzato;,globale:T-1248,
P3,altro,pending,distinguere Annulla e Conferma;,addendum:A0254,
P3,altro,pending,Distinguere originale e versione ottimizzata.,globale:T-1431,
P3,altro,pending,dominio raggiungibile;,globale:T-1754,
P3,altro,pending,Doppio tocco rapido.,usabilita:U0255,
P3,altro,pending,Due persone reagiscono contemporaneamente.,globale:T-0464,
P3,altro,pending,due sistemi di autenticazione attivi contemporaneamente;,addendum:A0398,
P3,altro,pending,durata dell’operazione;,addendum:A0418,
P3,altro,pending,è facilmente premibile da telefono;,usabilita:U0670,
P3,altro,pending,è presente;,globale:T-0248,
P3,altro,pending,Edge.,globale:T-1088,
P3,altro,pending,elenco degli errori corretti;,usabilita:U0708,
P3,altro,pending,elenco dei difetti ancora aperti.,usabilita:U0730,
P3,altro,pending,elenco dei file modificati;,usabilita:U0707,
P3,altro,pending,elenco delle dichiarazioni funzionali verificate;,addendum:A0481,
P3,altro,pending,elenco delle prove eseguite;,globale:T-1249,
P3,altro,pending,elenco di tutti i pulsanti testati;,usabilita:U0711,
P3,altro,pending,emoji;,globale:T-1291;usabilita:U0154;usabilita:U0394,
P3,altro,pending,Endpoint con cursore o updated_since.,globale:T-0099,
P3,altro,pending,endpoint mai utilizzati;,addendum:A0187,
P3,altro,pending,endpoint precedenti ancora raggiungibili;,addendum:A0405,
P3,altro,pending,Errore API 500.,globale:T-1543,
P3,altro,pending,Errore conversione HEIC.,globale:T-1545,
P3,altro,pending,errore di sicurezza.,globale:T-1565,
P3,altro,pending,Errore JavaScript frontend.,globale:T-1547,
P3,altro,pending,Errore Push.,globale:T-1548,
P3,altro,pending,errori commessi;,globale:T-1775,
P3,altro,pending,errori HTTP;,globale:T-1115,
P3,altro,pending,esegua il clic;,addendum:A0203,
P3,altro,pending,esegue realmente l’operazione server;,usabilita:U0675,
P3,altro,pending,Eseguire logout nella prima scheda.,globale:T-1590,
P3,altro,passed,Eseguire logout.,globale:T-0325;usabilita:U0053;usabilita:U0075;addendum:A0068,QA 1.31.0: logout eseguito e token successivamente respinto | Playwright same-device identity switch 5/5; preview 39b1fb83; 2026-08-04
P3,altro,pending,Eseguire prova continuativa di 48 ore.,globale:T-0579,
P3,altro,pending,Eseguire prova di quattro ore.,globale:T-1655,
P3,altro,pending,Eseguire prova di un’ora.,globale:T-1656,
P3,altro,pending,Eseguire richieste ripetute automatiche.,globale:T-0616,
P3,altro,pending,esiste evidenza del collaudo manuale su dispositivi reali.,addendum:A0462,
P3,altro,pending,esiste il registro completo di tutti gli elementi interattivi;,addendum:A0443,
P3,altro,pending,esiste una suite automatica per tutti i ruoli;,addendum:A0461,
P3,altro,pending,esistono file o record orfani;,usabilita:U0702,
P3,altro,pending,esistono rate limiting e protezioni antispam;,globale:T-0668,
P3,altro,pending,esistono test automatici reali;,globale:T-0669,
P3,altro,pending,Esportazione CSV.,globale:T-0250,
P3,altro,pending,Esportazione JSON.,globale:T-0251,
P3,altro,pending,estensione falsa.,globale:T-0424,
P3,altro,passed,Età.,usabilita:U0384,Playwright mobile people/roles 1/1; preview 64167f5a; 2026-08-04
P3,altro,pending,evento registrato nel log.,usabilita:U0587,
P3,altro,pending,eventuale errore.,addendum:A0420,
P3,altro,pending,eventuali duplicazioni;,globale:T-1250,
P3,altro,pending,eventuali errori annotati.,globale:T-1755,
P3,altro,pending,eventuali file orfani;,globale:T-1251,
P3,altro,pending,Evitare 20 avvisi separati e inutilizzabili.,globale:T-0860,
P3,altro,pending,evitare codici tecnici incomprensibili;,usabilita:U0516,
P3,altro,pending,Evitare spazi bianchi o layout rotti.,globale:T-1632,
P3,altro,pending,Familiare;,addendum:A0130;addendum:A0210,
P3,altro,pending,Familiare: 403.,usabilita:U0437,
P3,altro,pending,Familiare/Ospite,globale:T-0279,
P3,altro,pending,Fascia oraria “Non disturbare”.,globale:T-0079,
P3,altro,pending,file corretto;,usabilita:U0601,
P3,altro,pending,file corrotto.,globale:T-0425,
P3,altro,pending,file HTML rinominato JPG.,globale:T-0426,
P3,altro,pending,file oltre 12 MB.,globale:T-0427,
P3,altro,pending,File oltre il limite.,usabilita:U0152,
P3,altro,pending,file senza estensione.,globale:T-0428,
P3,altro,pending,file SVG rinominato PNG.,globale:T-0429,
P3,altro,pending,file troppo grande;,usabilita:U0499,
P3,altro,passed,finestra modale sopra la barra inferiore;,addendum:A0241,"Playwright Galaxy S9+: invito e sessione server, modale sopra barra, pulsante raggiungibile, stato disabilitato/invio, doppio clic=una richiesta, HTTP 201 e record confermato; preview 9913ac2c; 2026-08-04"
P3,altro,pending,Firefox.,globale:T-1089,
P3,altro,pending,firma del programmatore;,globale:T-1252,
P3,altro,pending,Focus intrappolato correttamente nelle finestre modali.,globale:T-1066,
P3,altro,pending,formato non supportato;,usabilita:U0500,
P3,altro,pending,Frame-Ancestors o X-Frame-Options.,globale:T-1474,
P3,altro,pending,frontend e server applicano la stessa matrice;,addendum:A0445,
P3,altro,pending,frontend e server applicano regole differenti;,usabilita:U0700,
P3,altro,pending,funziona con dati reali o anonimizzati;,globale:T-0252,
P3,altro,passed,funziona dopo chiusura e riapertura;,globale:T-0253;usabilita:U0685,resumable-upload: manifesto persistente ripreso dopo riapertura simulata
P3,altro,pending,funziona su Android;,globale:T-0254,
P3,altro,pending,funziona sul dominio Cloudflare;,globale:T-0256,
P3,altro,pending,funzionamento con barra del browser visibile;,addendum:A0231,
P3,altro,pending,funzionamento con pollice destro;,addendum:A0227,
P3,altro,pending,funzionamento con pollice sinistro;,addendum:A0228,
P3,altro,pending,funzionamento con PWA standalone;,addendum:A0232,
P3,altro,pending,funzionamento con tastiera aperta;,addendum:A0230,
P3,altro,pending,funzionamento con testo ingrandito.,addendum:A0233,
P3,altro,pending,funzionamento con una sola mano;,addendum:A0229,
P3,altro,pending,funzioni che non modificano nulla;,addendum:A0181,
P3,altro,pending,funzioni duplicate;,addendum:A0403,
P3,altro,pending,funzioni presenti soltanto come testo “verrà aggiunto”;,addendum:A0188,
P3,altro,pending,Garantire che il repository non presenti file modificati ma non registrati.,globale:T-0007,
P3,altro,pending,generare schermata bianca;,addendum:A0308,
P3,altro,pending,Gestione dei conflitti.,globale:T-0100,
P3,altro,passed,Gestione ruoli.,usabilita:U0655,Playwright mobile people/roles 1/1; preview 64167f5a; 2026-08-04
P3,altro,pending,gestisce correttamente gli errori;,globale:T-0257,
P3,altro,pending,gestisce l’errore;,usabilita:U0680,
P3,altro,pending,GitHub e Cloudflare utilizzano lo stesso commit;,globale:T-0670,
P3,altro,passed,gli invii non vengono duplicati;,globale:T-0671,production-smoke: doppio invio conserva un solo record
P3,altro,pending,gravità del difetto;,globale:T-1253,
P3,altro,passed,Gruppo.,usabilita:U0081,"Playwright Galaxy S9+ reale: touch fisico, 14 giornate, persistenza, 14 ricollocazioni mappa, marker Delhi 1/8 e Ranakpur; pubblicazione HTTP 201 senza duplicati; preview 9913ac2c; 2026-08-04"
P3,altro,pending,ha un’etichetta comprensibile;,usabilita:U0669,
P3,altro,pending,Hash per verifica integrità.,globale:T-1717,
P3,altro,pending,Hashtag.,globale:T-0885,
P3,altro,pending,HEIC.,globale:T-0432,
P3,altro,pending,HEIF.,globale:T-0433,
P3,altro,pending,HTML.,globale:T-0886;usabilita:U0395,
P3,altro,passed,i dati non si aggiornano sugli altri telefoni;,usabilita:U0701,Authenticated remote QA: 18/18 applicable; preview a018a091; 2026-08-04
P3,altro,pending,icona centrata;,addendum:A0225,
P3,altro,pending,icone presentate come pulsanti ma non cliccabili;,addendum:A0190,
P3,altro,passed,identificativo della risorsa modificato manualmente.,addendum:A0112,Authenticated ownership/id tampering QA 20/20; preview a4b05356; 2026-08-04
P3,altro,pending,Identificativo univoco per ogni operazione.,globale:T-0134,
P3,altro,pending,identità mostrata;,addendum:A0044,
P3,altro,passed,il clic deve inviare la richiesta corretta;,addendum:A0028,Authenticated remote QA + mobile publication; preview a018a091; 2026-08-04
P3,altro,pending,il dominio mostra REV 1.21.5;,globale:T-0676,
P3,altro,passed,Il Familiare deve avere un’identità Ospite controllata.,usabilita:U0169,"Playwright Galaxy S9+ su tre contesti: viaggiatore, familiare e pubblico; identità ospite server, like aggiunto/rimosso, commento creato/modificato/eliminato, sync automatica e comandi proprietà; preview c9d82d89; 2026-08-04"
P3,altro,pending,il frontend impedisca errori evidenti;,globale:T-1293,
P3,altro,pending,Il messaggio deve spiegare esattamente cosa serve.,usabilita:U0475,
P3,altro,pending,il messaggio indichi esattamente il campo errato;,globale:T-1294,
P3,altro,passed,il nome dell’autore viene determinato dal server;,addendum:A0062,Authenticated remote QA + mobile publication; preview a018a091; 2026-08-04
P3,altro,passed,il primo tocco viene rilevato;,addendum:A0169,"Playwright Galaxy S9+: invito e sessione server, modale sopra barra, pulsante raggiungibile, stato disabilitato/invio, doppio clic=una richiesta, HTTP 201 e record confermato; preview 9913ac2c; 2026-08-04"
P3,altro,passed,il risultato corrisponde all’azione indicata.,addendum:A0178,"API pubblica minimizzata + Playwright tre telefoni: chiavi e ID interni assenti, permessi can_manage dal server, comandi vietati nascosti e sync automatica; preview c9d82d89; 2026-08-04"
P3,altro,passed,il server deve rifiutare comunque la richiesta diretta;,addendum:A0033,Authenticated remote QA + mobile publication; preview a018a091; 2026-08-04
P3,altro,pending,il server ripeta autonomamente la validazione;,globale:T-1295,
P3,altro,pending,il tasto deve essere attivo;,addendum:A0027,
P3,altro,pending,il tasto deve essere nascosto oppure chiaramente disabilitato;,addendum:A0032,
P3,altro,pending,il tasto deve essere visibile;,addendum:A0026,
P3,altro,passed,il tasto disabilitato non genera richieste;,addendum:A0173,"Playwright Galaxy S9+: invito e sessione server, modale sopra barra, pulsante raggiungibile, stato disabilitato/invio, doppio clic=una richiesta, HTTP 201 e record confermato; preview 9913ac2c; 2026-08-04"
P3,altro,pending,il tasto non rimane permanentemente bloccato;,addendum:A0177,
P3,altro,pending,il tasto torna utilizzabile dopo un errore;,addendum:A0176,
P3,altro,pending,Impedire che un singolo utente esaurisca la quota.,globale:T-1534,
P3,altro,passed,Impedire che un utente modifichi visitor_id dal browser.,globale:T-0063,QA 1.31.0: visitor_id falsificato non modifica l'identita server
P3,altro,pending,impedire chiusura ambigua durante l’esecuzione;,addendum:A0257,
P3,altro,pending,impedire conferma accidentale tramite doppio tocco;,addendum:A0255,
P3,altro,pending,impedisce operazioni sovrapposte;,usabilita:U0674,
P3,altro,passed,impossibilità di agire su dati non ancora verificati;,addendum:A0316,Playwright credential precedence 4/4; preview 06eec926; 2026-08-04
P3,altro,passed,Impossibilità di gestire altri utenti.,usabilita:U0649,Playwright mobile people/roles 1/1; preview 64167f5a; 2026-08-04
P3,altro,pending,Impostare allarme al 95% della quota.,globale:T-1535,
P3,altro,pending,Impostare allarme all’80% della quota.,globale:T-1536,
P3,altro,passed,Impostare destinazione corretta.,usabilita:U0467,"Playwright: URL Google Maps directions contiene la destinazione 28.6139,77.209; preview 20382a40; 2026-08-04"
P3,altro,passed,IndexedDB.,globale:T-0120,offline-queue: outbox persistente verificata con IndexedDB simulato
P3,altro,pending,indicare come risolverlo;,usabilita:U0515,
P3,altro,pending,Indicazione “Errore”.,globale:T-0102,
P3,altro,pending,Indicazione “In attesa”.,globale:T-0103,
P3,altro,pending,Indicazione “Invio in corso”.,globale:T-0104,
P3,altro,pending,Indicazione avanzamento.,globale:T-1719,
P3,altro,pending,Indicazione dello spazio necessario.,globale:T-0121,
P3,altro,pending,indicazioni per riattivarlo;,globale:T-1376,
P3,altro,passed,inesistenti;,addendum:A0351,Authenticated random/missing resource QA 20/20; preview a4b05356; 2026-08-04
P3,altro,pending,Informare l’utente in caso di conflitto.,globale:T-0795,
P3,altro,pending,Inserimento di HTML/script.,globale:T-0466,
P3,altro,pending,Inserire apostrofi e accenti.,globale:T-0344,
P3,altro,pending,Inserire caratteri HTML e script.,globale:T-0346,
P3,altro,pending,Inserire città.,globale:T-0347,
P3,altro,pending,Inserire emoji.,globale:T-0348,
P3,altro,pending,Inserire età.,globale:T-0349,
P3,altro,pending,Inserire HTML.,globale:T-0617,
P3,altro,pending,Inserire JavaScript.,globale:T-0618,
P3,altro,pending,Inserire lavoro.,globale:T-0350,
P3,altro,pending,Inserire nome contenente script.,globale:T-0619,
P3,altro,pending,Inserire nome contenente virgolette e tag.,globale:T-0620,
P3,altro,pending,Inserire nome e cognome.,globale:T-0351,
P3,altro,pending,Inserire un nome molto lungo.,globale:T-0352,
P3,altro,pending,Inserire un nuovo post mentre si scorre.,globale:T-1682,
P3,altro,pending,installare l’app;,globale:T-1776,
P3,altro,pending,Installare la PWA su Android.,globale:T-0307,
P3,altro,pending,Installare la versione precedente.,globale:T-0828,
P3,altro,pending,Installazione PWA.,globale:T-1222,
P3,altro,pending,"Integrare un routing reale, se si vogliono mostrare strade reali.",globale:T-0187,
P3,altro,pending,Interrompere la sostituzione.,globale:T-0999,
P3,altro,pending,Interrompere.,usabilita:U0220,
P3,altro,pending,Intestazioni di sicurezza complete.,globale:T-0219,
P3,altro,pending,inventario completo dei tasti;,addendum:A0463,
P3,altro,pending,Inviare “Ho bisogno di aiuto”.,globale:T-1186,
P3,altro,pending,Inviare “Sono al sicuro”.,globale:T-1187,
P3,altro,pending,Inviare “Sono arrivato”.,globale:T-1188,
P3,altro,pending,Inviare coordinate fuori dall’India.,globale:T-1440,
P3,altro,pending,Inviare coordinate modificate manualmente.,globale:T-1441,
P3,altro,pending,Invio automatico una sola volta.,globale:T-1223,
P3,altro,pending,Invio ripetuto rapido.,globale:T-0467,
P3,altro,pending,JavaScript.,globale:T-0887;usabilita:U0396,
P3,altro,pending,JPEG.,globale:T-0434,
P3,altro,pending,JSON dei dati.,globale:T-1720,
P3,altro,pending,l’applicazione funziona con il computer del programmatore spento;,globale:T-0677,
P3,altro,pending,l’applicazione non funziona con il computer del programmatore spento.,usabilita:U0703,
P3,altro,passed,l’etichetta cambia in modo comprensibile;,addendum:A0175,"Playwright Galaxy S9+: invito e sessione server, modale sopra barra, pulsante raggiungibile, stato disabilitato/invio, doppio clic=una richiesta, HTTP 201 e record confermato; preview 9913ac2c; 2026-08-04"
P3,altro,pending,l’evento deve essere registrato nel log di sicurezza.,addendum:A0037,
P3,altro,passed,l’interfaccia deve mostrare il risultato.,addendum:A0031,Authenticated remote QA + mobile publication; preview a018a091; 2026-08-04
P3,altro,pending,l’interfaccia rimane bloccata.,addendum:A0221,
P3,altro,passed,la pagina diventa bianca;,addendum:A0220,"Playwright Galaxy S9+: invito e sessione server, modale sopra barra, pulsante raggiungibile, stato disabilitato/invio, doppio clic=una richiesta, HTTP 201 e record confermato; preview 9913ac2c; 2026-08-04"
P3,altro,pending,la visibilità dei post è reale;,globale:T-0679,
P3,altro,pending,Lasciare aperta la dashboard.,addendum:A0095,
P3,altro,pending,Lasciare l’app aperta per 24 ore.,globale:T-0580,
P3,altro,pending,Lasciare l’app aperta per 8 ore.,globale:T-0581,
P3,altro,passed,Lasciare l’app aperta.,addendum:A0089,Playwright live role/revoke 1/1; preview a4b05356; 2026-08-04
P3,altro,passed,Lavoro.,usabilita:U0385,Playwright mobile people/roles 1/1; preview 64167f5a; 2026-08-04
P3,altro,pending,le coordinate sono corrette;,globale:T-0680,
P3,altro,pending,lettere e numeri;,globale:T-1296,
P3,altro,pending,lettere;,globale:T-1297,
P3,altro,pending,Lettura corretta dei pulsanti.,globale:T-1067,
P3,altro,pending,Lettura corretta dei titoli.,globale:T-1068,
P3,altro,pending,limitato nel tempo;,addendum:A0362,
P3,altro,pending,limite complessivo del post;,globale:T-0151,
P3,altro,pending,Limite complessivo di 10 allegati.,globale:T-0168,
P3,altro,pending,Limite complessivo in megabyte per post.,globale:T-0169,
P3,altro,pending,link personali;,addendum:A0081,
P3,altro,pending,Log browser,globale:T-0280;globale:T-1254;usabilita:U0036,
P3,altro,pending,Log Cloudflare,globale:T-0281;globale:T-1255;usabilita:U0037,
P3,altro,pending,Log dei file rifiutati.,globale:T-0170,
P3,altro,passed,logout;,globale:T-1568;usabilita:U0648;usabilita:U0665,QA 1.31.0: logout verificato end-to-end | Playwright same-device identity switch 5/5; preview 39b1fb83; 2026-08-04
P3,altro,pending,M4A.,globale:T-0435,
P3,altro,pending,malformati.,addendum:A0353,
P3,altro,pending,Manifesto con elenco dei contenuti.,globale:T-1721,
P3,altro,pending,mantenere funzionanti le sezioni non coinvolte;,globale:T-1137,
P3,altro,pending,mappe;,globale:T-1758,
P3,altro,pending,marker delle mappe;,addendum:A0011,
P3,altro,pending,matrice completa dei ruoli;,addendum:A0464,
P3,altro,pending,matrice dei ruoli;,usabilita:U0710,
P3,altro,pending,matrice delle credenziali;,addendum:A0465,
P3,altro,pending,memoria;,globale:T-1116,
P3,altro,pending,menu sopra il contenuto corretto;,addendum:A0239,
P3,altro,pending,menu;,addendum:A0004,
P3,altro,pending,Menzioni.,globale:T-0888,
P3,altro,pending,messaggio comprensibile nell’interfaccia;,globale:T-0739,
P3,altro,pending,messaggio comprensibile;,globale:T-1377;addendum:A0140,
P3,altro,pending,messaggio di stato;,usabilita:U0534,
P3,altro,pending,messaggio mostrato all’utilizzatore.,addendum:A0052,
P3,altro,pending,Mettere in pausa.,globale:T-0449;usabilita:U0218,
P3,altro,pending,microfono negato;,usabilita:U0503,
P3,altro,pending,miniature;,globale:T-0152,
P3,altro,pending,Misurare apertura iniziale.,globale:T-0582,
P3,altro,pending,Misurare apertura successiva.,globale:T-0584,
P3,altro,pending,Misurare batteria con app aperta e inattiva.,globale:T-1657,
P3,altro,pending,Misurare batteria con app chiusa.,globale:T-1658,
P3,altro,pending,Misurare batteria con polling attivo.,globale:T-1661,
P3,altro,pending,Misurare batteria durante conversione HEIC.,globale:T-1663,
P3,altro,pending,Misurare batteria in un’ora.,globale:T-0585,
P3,altro,pending,Misurare consumo CPU.,globale:T-0588,
P3,altro,pending,Misurare consumo RAM.,globale:T-0589,
P3,altro,pending,Misurare CSS iniziale.,globale:T-1667,
P3,altro,pending,Misurare dati consumati in un’ora.,globale:T-0590,
P3,altro,pending,Misurare heic2any.,globale:T-1668,
P3,altro,pending,Misurare JavaScript iniziale.,globale:T-1669,
P3,altro,pending,Misurare MapLibre.,globale:T-1670,
P3,altro,pending,Misurazione prestazioni,globale:T-0282,
P3,altro,pending,Modalità aereo.,globale:T-1224;usabilita:U0525,
P3,altro,pending,Modalità risparmio batteria.,globale:T-0259,
P3,altro,pending,Modalità risparmio dati.,globale:T-0260,
P3,altro,pending,Modalità risparmio energetico.,globale:T-0521,
P3,altro,pending,Modalità scura.,globale:T-0261,
P3,altro,pending,Modalità silenziosa.,globale:T-0080,
P3,altro,pending,Moderazione contenuto.,globale:T-1225,
P3,altro,pending,Moderazione post.,usabilita:U0661,
P3,altro,pending,modifica della copertina;,globale:T-0153,
P3,altro,pending,modifica successiva;,addendum:A0368,
P3,altro,passed,modifica;,usabilita:U0398,Playwright mobile people/roles 1/1; preview 64167f5a; 2026-08-04
P3,altro,passed,Modificare author_name.,usabilita:U0571,Authenticated remote QA: 18/18 applicable; preview a018a091; 2026-08-04
P3,altro,pending,Modificare day_index.,usabilita:U0572,
P3,altro,pending,Modificare il nome dopo la selezione.,usabilita:U0245,
P3,altro,pending,Modificare manualmente role.,globale:T-0327,
P3,altro,pending,Modificare ogni campo.,globale:T-0353,
P3,altro,pending,Modificare role.,globale:T-0622;usabilita:U0570,
P3,altro,pending,Modificare un carattere del link.,usabilita:U0413,
P3,altro,pending,Modificare visibility.,usabilita:U0573,
P3,altro,pending,Monitoraggio errori.,globale:T-0220,
P3,altro,pending,Mostra al tassista in inglese e hindi.,globale:T-0263,
P3,altro,pending,mostra conferma;,usabilita:U0679,
P3,altro,pending,Mostrare alternativa con coordinate e indirizzo.,usabilita:U0361,
P3,altro,pending,Mostrare chiaramente “Non ci sono altri contenuti”.,globale:T-1683,
P3,altro,pending,Mostrare chiaramente “Ultimo aggiornamento manuale”.,globale:T-1442,
P3,altro,pending,Mostrare chiaramente se l’orario è italiano o indiano.,globale:T-0926,
P3,altro,pending,Mostrare coordinate testuali come alternativa.,globale:T-0955,
P3,altro,pending,mostrare dati precedenti come se fossero ancora validi.,addendum:A0312,
P3,altro,pending,Mostrare indirizzo al tassista in hindi.,globale:T-1189,
P3,altro,pending,Mostrare indirizzo al tassista in inglese.,globale:T-1190,
P3,altro,pending,mostrare lo stato del servizio;,globale:T-1138,
P3,altro,pending,Mostrare quantità di dati risparmiati.,globale:T-1649,
P3,altro,pending,Mostrare spazio richiesto dai contenuti in attesa.,globale:T-0842,
P3,altro,pending,Mostrare spazio utilizzato dall’app.,globale:T-0843,
P3,altro,pending,mostrare stato dell’operazione;,addendum:A0256,
P3,altro,pending,Mostrare tempo prima di poter riprovare.,globale:T-1054,
P3,altro,pending,mostrare un errore comprensibile;,globale:T-1139,
P3,altro,pending,Mostrare un messaggio comprensibile.,globale:T-0844,
P3,altro,pending,MOV.,globale:T-0436,
P3,altro,pending,MP4.,globale:T-0437,
P3,altro,pending,Negare geolocalizzazione.,globale:T-0498,
P3,altro,pending,Negare il microfono.,globale:T-0450;usabilita:U0216,
P3,altro,pending,Negare il permesso.,usabilita:U0189,
P3,altro,pending,Negarle e tentare nuovamente.,globale:T-0523,
P3,altro,pending,negate;,globale:T-1378,
P3,altro,pending,NEGATO;,addendum:A0022,
P3,altro,pending,nessun aggiornamento completo inutile;,usabilita:U0565,
P3,altro,passed,nessun aumento dei privilegi;,addendum:A0331,Authenticated remote QA + mobile publication; preview a018a091; 2026-08-04
P3,altro,pending,nessun blocco dell’intera applicazione;,globale:T-1379,
P3,altro,pending,nessun cambio di utente lascia dati del precedente;,addendum:A0451,
P3,altro,pending,nessun ciclo continuo di richiesta del permesso.,globale:T-1380,
P3,altro,pending,nessun clic sul tasto adiacente;,addendum:A0224,
P3,altro,pending,Nessun codice di gruppo negli URL.,globale:T-1476,
P3,altro,passed,Nessun contenuto “Solo io” mostrato ad altri utenti.,globale:T-1691,QA 1.31.0: nessun contenuto Solo io mostrato agli altri utenti
P3,altro,pending,Nessun contenuto.,usabilita:U0156,
P3,altro,pending,Nessun CORS eccessivamente permissivo.,globale:T-1477,
P3,altro,passed,nessun dato duplicato;,usabilita:U0567,Authenticated remote QA: 18/18 applicable; preview a018a091; 2026-08-04
P3,altro,pending,Nessun dato personale negli header di risposta.,globale:T-1478,
P3,altro,pending,Nessun dato personale sensibile nel sistema di monitoraggio.,globale:T-1551,
P3,altro,pending,nessun duplicato;,usabilita:U0610,
P3,altro,pending,nessun errore critico nelle ultime 24 ore;,globale:T-1759,
P3,altro,pending,nessun errore tecnico venga mostrato all’utilizzatore.,globale:T-1298,
P3,altro,pending,nessun file creato;,globale:T-0746;usabilita:U0585,
P3,altro,pending,nessun file deve essere creato;,addendum:A0035,
P3,altro,pending,Nessun file orfano.,usabilita:U0490;usabilita:U0609,
P3,altro,pending,nessun menu rimasto aperto cambiando sezione;,addendum:A0247,
P3,altro,passed,nessun permesso venga concesso perché il tasto è nascosto.,addendum:A0385,"API pubblica minimizzata + Playwright tre telefoni: chiavi e ID interni assenti, permessi can_manage dal server, comandi vietati nascosti e sync automatica; preview c9d82d89; 2026-08-04"
P3,altro,pending,Nessun post parziale.,usabilita:U0489,
P3,altro,pending,nessun pulsante bloccato;,usabilita:U0553,
P3,altro,pending,nessun pulsante è soltanto simulato;,globale:T-0683,
P3,altro,pending,Nessun pulsante tagliato.,globale:T-1069,
P3,altro,pending,nessun record orfano;,usabilita:U0608,
P3,altro,pending,nessun riferimento a file inesistente.,usabilita:U0611,
P3,altro,pending,Nessun salto della pagina durante l’aggiornamento.,globale:T-0106,
P3,altro,pending,nessun salto della pagina;,usabilita:U0566,
P3,altro,passed,nessun tasto rimanga fuori dal registro;,addendum:A0016,"TypeScript JSX inventory: 115 interactive elements, zero missing handlers/empty links; Playwright credential flow"
P3,altro,pending,nessun tasto sia privo di funzione;,addendum:A0017,
P3,altro,pending,Nessun testo sovrapposto.,globale:T-1070,
P3,altro,pending,nessun titolo o nome sensibile mostrato prima del 403;,addendum:A0138,
P3,altro,pending,nessuna apertura contemporanea di due modali incompatibili;,addendum:A0246,
P3,altro,pending,Nessuna chiusura involontaria di modali e tastiera.,globale:T-0107,
P3,altro,pending,Nessuna duplicazione dopo cambio Wi-Fi/dati mobili.,globale:T-0135,
P3,altro,pending,nessuna duplicazione;,globale:T-1761;usabilita:U0533;usabilita:U0552,
P3,altro,pending,nessuna funzione esista soltanto nel codice senza essere raggiungibile;,addendum:A0018,
P3,altro,pending,Nessuna informazione comunicata soltanto tramite colore.,globale:T-1071,
P3,altro,pending,nessuna informazione sensibile nella risposta.,globale:T-0747,
P3,altro,passed,nessuna operazione duplicata;,addendum:A0332,Authenticated remote QA + mobile publication; preview a018a091; 2026-08-04
P3,altro,pending,nessuna operazione venga eseguita due volte.,addendum:A0264,
P3,altro,pending,nessuna perdita non comunicata;,usabilita:U0551,
P3,altro,pending,NO,globale:T-0283,
P3,altro,passed,Nome.,usabilita:U0382;addendum:A0071,Playwright mobile people/roles 1/1; preview 64167f5a; 2026-08-04 | Playwright same-device identity switch 5/5; preview 39b1fb83; 2026-08-04
P3,altro,pending,NON APPLICABILE.,addendum:A0025,
P3,altro,passed,non basarsi soltanto sui dati presenti nel localStorage.,addendum:A0296,"TypeScript JSX inventory: 115 interactive elements, zero missing handlers/empty links; Playwright credential flow"
P3,altro,pending,Non bloccare automaticamente un utente senza possibilità di spiegazione.,globale:T-1443,
P3,altro,pending,Non bloccare permanentemente un utente legittimo.,globale:T-1055,
P3,altro,pending,non cancellare ciò che l’utente ha scritto;,addendum:A0268,
P3,altro,pending,non cancellare i dati inseriti;,usabilita:U0517,
P3,altro,pending,NON COLLAUDATO,addendum:A0397,
P3,altro,pending,non comprende perché un tasto è disabilitato;,addendum:A0437,
P3,altro,pending,non comprende quale identità sta utilizzando;,addendum:A0436,
P3,altro,pending,non crea duplicati;,usabilita:U0683,
P3,altro,pending,non danneggia altre funzioni;,globale:T-0264,
P3,altro,pending,Non definire “percorso reale” una linea disegnata manualmente.,globale:T-0188,
P3,altro,pending,non deve contenere coordinate precise non necessarie;,addendum:A0424,
P3,altro,pending,non duplicare operazioni;,globale:T-1140,
P3,altro,pending,non entrare in un ciclo continuo di richieste;,addendum:A0272,
P3,altro,pending,non esistono dichiarazioni funzionali senza prova;,addendum:A0459,
P3,altro,pending,non esistono endpoint privi di controllo;,addendum:A0458,
P3,altro,pending,non esistono funzioni simulate;,addendum:A0457,
P3,altro,pending,non esistono post;,addendum:A0299,
P3,altro,pending,non esistono tasti morti;,addendum:A0456,
P3,altro,pending,non esporre dettagli tecnici sensibili all’utente.,globale:T-1141,
P3,altro,pending,Non fidarsi soltanto del MIME dichiarato dal telefono.,globale:T-0172,
P3,altro,passed,Non mostrare contenuti “Solo io”.,globale:T-1352,QA 1.31.0: contenuto Solo io assente dai feed non proprietari
P3,altro,pending,non mostrare dettagli tecnici;,addendum:A0267,
P3,altro,pending,non mostrare schermata bianca;,globale:T-1142,
P3,altro,pending,Non mostrare un generico “Errore”.,usabilita:U0008,
P3,altro,pending,non perde dati;,usabilita:U0682,
P3,altro,pending,non perdere allegati selezionati;,addendum:A0269,
P3,altro,pending,non perdere bozze;,globale:T-1143,
P3,altro,pending,Non perdere le bozze già salvate.,globale:T-0846,
P3,altro,pending,non reagisce due volte a un doppio tocco;,usabilita:U0672,
P3,altro,pending,non riceve dati cancellati.,addendum:A0156,
P3,altro,passed,non riceve dati del gruppo riservato;,addendum:A0147,Authenticated remote QA + mobile publication; preview a018a091; 2026-08-04
P3,altro,pending,non riceve identificativi interni non necessari.,addendum:A0145,
P3,altro,pending,non riceve ruoli amministrativi non necessari;,addendum:A0142,
P3,altro,pending,non ripetere automaticamente una richiesta vietata;,addendum:A0273,
P3,altro,pending,NON SUPERATO,globale:T-0284;usabilita:U0031,
P3,altro,pending,non trova il comando di logout.,addendum:A0442,
P3,altro,pending,non utilizzare soltanto “Errore”;,addendum:A0266,
P3,altro,pending,normale;,addendum:A0157,
P3,altro,pending,Numeri di telefono.,globale:T-0889,
P3,altro,pending,numeri;,globale:T-1299,
P3,altro,pending,Nuova menzione.,globale:T-0524,
P3,altro,pending,Nuova risposta.,globale:T-0525,
P3,altro,pending,Nuovo post.,globale:T-0527,
P3,altro,pending,"offrire Riprova, quando possibile.",usabilita:U0518,
P3,altro,pending,Oggi.,usabilita:U0115,
P3,altro,pending,Ogni allegato deve essere collegato a un post esistente.,globale:T-1014,
P3,altro,pending,Ogni post deve avere un autore valido.,globale:T-1019,
P3,altro,pending,ogni prova dispone di evidenza.,globale:T-0685,
P3,altro,pending,onClick vuoti;,addendum:A0180,
P3,altro,pending,operazione fallita;,addendum:A0164,
P3,altro,pending,operazione già eseguita.,addendum:A0168,
P3,altro,pending,operazione riuscita;,addendum:A0163,
P3,altro,pending,operazioni troppo lunghe;,globale:T-1777,
P3,altro,pending,Ordine logico del focus.,globale:T-1072,
P3,altro,pending,Paginazione dei post.,globale:T-0109,
P3,altro,pending,PARZIALE,globale:T-0285;usabilita:U0032;addendum:A0395,
P3,altro,pending,passare ai dati mobili;,globale:T-0813,
P3,altro,pending,Pausa e ripresa.,globale:T-1723,
P3,altro,pending,pausa;,globale:T-0154,
P3,altro,pending,percentile 95;,globale:T-1117,
P3,altro,pending,percentuale complessiva;,globale:T-0155,
P3,altro,passed,percentuale per ogni file;,globale:T-0156,resumable-upload: avanzamento del singolo file verificato fino al 100%
P3,altro,pending,Perdita del 10% dei pacchetti.,usabilita:U0524,
P3,altro,pending,permesso negato;,globale:T-1382,
P3,altro,pending,permesso revocato dalle impostazioni.,globale:T-1383,
P3,altro,pending,permesso revocato durante l’uso.,globale:T-1384,
P3,altro,pending,permesso revocato durante la registrazione.,globale:T-1385,
P3,altro,pending,permette di riprovare;,usabilita:U0681,
P3,altro,pending,Permettere di copiare le coordinate.,globale:T-0956,
P3,altro,passed,Permettere di riprovare senza ricominciare dall’inizio.,globale:T-1684,resumable-upload: errore temporaneo ritentato senza ricominciare il file
P3,altro,pending,Permissions-Policy.,globale:T-1481,
P3,altro,passed,più di dieci allegati;,usabilita:U0501,Playwright mobile: undicesimo allegato rifiutato con messaggio preciso e i primi dieci conservati; preview b4f2cf13; 2026-08-04
P3,altro,pending,PNG.,globale:T-0440,
P3,altro,pending,possibilità di annullare;,usabilita:U0535,
P3,altro,pending,possibilità di modificarla;,addendum:A0374,
P3,altro,pending,possibilità di riprovare.,usabilita:U0536;addendum:A0322,
P3,altro,pending,post corretto;,usabilita:U0595,
P3,altro,pending,preferiti;,addendum:A0077,
P3,altro,pending,Premere “Aggiungi ricordo”.,usabilita:U0336,
P3,altro,passed,Premere “Torna alla Bacheca”.,usabilita:U0354,"Playwright Galaxy S9+ reale: touch fisico, 14 giornate, persistenza, 14 ricollocazioni mappa, marker Delhi 1/8 e Ranakpur; pubblicazione HTTP 201 senza duplicati; preview 9913ac2c; 2026-08-04"
P3,altro,passed,Premere “Vedi tutto”.,usabilita:U0340,"Playwright Galaxy S9+ reale: touch fisico, 14 giornate, persistenza, 14 ricollocazioni mappa, marker Delhi 1/8 e Ranakpur; pubblicazione HTTP 201 senza duplicati; preview 9913ac2c; 2026-08-04"
P3,altro,pending,Premere Avanti del browser.,globale:T-0972,
P3,altro,pending,Premere Avanti dopo essere tornati indietro.,globale:T-1418,
P3,altro,pending,Premere controlli zoom più e meno.,usabilita:U0350,
P3,altro,passed,Premere Giorno precedente.,usabilita:U0333,"Playwright Galaxy S9+ reale: touch fisico, 14 giornate, persistenza, 14 ricollocazioni mappa, marker Delhi 1/8 e Ranakpur; pubblicazione HTTP 201 senza duplicati; preview 9913ac2c; 2026-08-04"
P3,altro,passed,Premere Giorno successivo.,usabilita:U0334,"Playwright Galaxy S9+ reale: touch fisico, 14 giornate, persistenza, 14 ricollocazioni mappa, marker Delhi 1/8 e Ranakpur; pubblicazione HTTP 201 senza duplicati; preview 9913ac2c; 2026-08-04"
P3,altro,pending,Premere Indietro del browser.,globale:T-0973,
P3,altro,pending,Premere Indietro rapidamente più volte.,globale:T-1419,
P3,altro,pending,Premere Invio dalla tastiera.,usabilita:U0045,
P3,altro,pending,premuto;,addendum:A0159,
P3,altro,pending,Preparazione post con allegati.,globale:T-1228,
P3,altro,passed,prima del download;,addendum:A0116,Authenticated remote QA + mobile publication; preview a018a091; 2026-08-04
P3,altro,passed,prima della lettura;,addendum:A0113,Authenticated remote QA + mobile publication; preview a018a091; 2026-08-04
P3,altro,passed,prima della modifica;,addendum:A0114,Authenticated remote QA + mobile publication; preview a018a091; 2026-08-04
P3,altro,passed,prima di restituire qualsiasi metadato.,addendum:A0118,"API pubblica minimizzata + Playwright tre telefoni: chiavi e ID interni assenti, permessi can_manage dal server, comandi vietati nascosti e sync automatica; preview c9d82d89; 2026-08-04"
P3,altro,pending,produce un risultato persistente;,globale:T-0268,
P3,altro,pending,progressivi;,addendum:A0348,
P3,altro,pending,Protezione antispam.,globale:T-0221,
P3,altro,pending,Protezione contro richieste automatiche.,globale:T-0227,
P3,altro,pending,Protezione dal doppio clic.,globale:T-0136,
P3,altro,pending,Protezione dal doppio tocco.,globale:T-0137,
P3,altro,pending,Protezione XSS.,globale:T-0228,
P3,altro,pending,prova con computer del programmatore spento;,globale:T-1797,
P3,altro,pending,prova con utilizzatore non esperto;,globale:T-1798,
P3,altro,pending,prova generale con tutto il gruppo;,globale:T-1799,
P3,altro,pending,Provare senza connessione.,globale:T-0394,
P3,altro,pending,Pulsante “Ho bisogno di aiuto”.,globale:T-0212,
P3,altro,pending,Pulsante “Riprova”.,globale:T-0110,
P3,altro,pending,Pulsante “Sono al sicuro”.,globale:T-0213,
P3,altro,pending,Pulsante “Sono arrivato”.,globale:T-0214,
P3,altro,pending,pulsanti che mostrano sempre un messaggio fisso;,addendum:A0185,
P3,altro,pending,pulsanti che non comprende;,globale:T-1779,
P3,altro,pending,pulsanti che utilizzano una vecchia API;,addendum:A0409,
P3,altro,passed,pulsanti con testo;,addendum:A0001,"TypeScript JSX inventory: 115 interactive elements, zero missing handlers/empty links; Playwright credential flow"
P3,altro,passed,pulsanti contenenti soltanto icone;,addendum:A0002,"TypeScript JSX inventory: 115 interactive elements, zero missing handlers/empty links; Playwright credential flow"
P3,altro,passed,pulsanti della modale sempre raggiungibili;,addendum:A0242,"Playwright Galaxy S9+: invito e sessione server, modale sopra barra, pulsante raggiungibile, stato disabilitato/invio, doppio clic=una richiesta, HTTP 201 e record confermato; preview 9913ac2c; 2026-08-04"
P3,altro,pending,puntato;,addendum:A0158,
P3,altro,pending,punti in cui chiede aiuto;,globale:T-1780,
P3,altro,pending,quali funzioni non può utilizzare;,addendum:A0432,
P3,altro,pending,quali funzioni può utilizzare;,addendum:A0431,
P3,altro,pending,quali tasti devono rimanere disabilitati;,addendum:A0314,
P3,altro,pending,Quota Cloudflare quasi esaurita.,globale:T-1553,
P3,altro,pending,quota giornaliera per utente;,globale:T-0157,
P3,altro,pending,Quota massima per utente.,globale:T-0174,
P3,altro,passed,raccolga tutti gli input;,addendum:A0200,"TypeScript JSX inventory: 115 interactive elements, zero missing handlers/empty links; Playwright credential flow"
P3,altro,passed,raccolga tutti i collegamenti;,addendum:A0199,"TypeScript JSX inventory: 115 interactive elements, zero missing handlers/empty links; Playwright credential flow"
P3,altro,passed,raccolga tutti i pulsanti;,addendum:A0198,"TypeScript JSX inventory: 115 interactive elements, zero missing handlers/empty links; Playwright credential flow"
P3,altro,pending,Raggiungere la fine del feed.,globale:T-1685,
P3,altro,pending,rate limit raggiunto;,globale:T-1578,
P3,altro,pending,Rate limiting.,globale:T-0229,
P3,altro,pending,"Reagire, se consentito.",usabilita:U0618,
P3,altro,pending,Reagire.,usabilita:U0628,
P3,altro,pending,reagisce al primo tocco;,usabilita:U0671,
P3,altro,pending,recupero dello stato corretto.,usabilita:U0554,
P3,altro,pending,Recupero dopo risposta server incerta.,globale:T-0138,
P3,altro,pending,Referrer-Policy.,globale:T-1482,
P3,altro,pending,Registrare 5 minuti.,globale:T-0451,
P3,altro,pending,Registrare 5 secondi.,globale:T-0452,
P3,altro,pending,Registrare data e ora server.,globale:T-1445,
P3,altro,pending,Registrare eventi sospetti.,globale:T-1057,
P3,altro,pending,registrare l’errore nei log;,globale:T-1144,
P3,altro,pending,registrare l’operazione nel log.,addendum:A0261,
P3,altro,pending,Registrare l’operazione nell’audit log.,globale:T-1322,
P3,altro,pending,Registrare la revoca nel log.,globale:T-1615,
P3,altro,pending,Registrare nuovamente.,globale:T-0453;usabilita:U0223,
P3,altro,pending,Registrare tutte le modifiche in un commit preciso.,globale:T-0009,
P3,altro,pending,"Registrazione di versione, endpoint e identificativo dell’errore.",globale:T-1554,
P3,altro,passed,registri stato attivo/disabilitato;,addendum:A0202,"TypeScript JSX inventory: 115 interactive elements, zero missing handlers/empty links; Playwright credential flow"
P3,altro,passed,reinviarla con identificativo modificato;,addendum:A0325,Authenticated remote QA + mobile publication; preview a018a091; 2026-08-04
P3,altro,passed,reinviarla dopo logout;,addendum:A0327,Authenticated remote QA + mobile publication; preview a018a091; 2026-08-04
P3,altro,passed,reinviarla dopo revoca;,addendum:A0328,Live revoke command 403 + authenticated remote QA 20/20; preview a4b05356; 2026-08-04
P3,altro,passed,reinviarla identica;,addendum:A0324,Authenticated remote QA + mobile publication; preview a018a091; 2026-08-04
P3,altro,pending,"Rendere nome e cognome configurabili come nome completo, nome abbreviato o soprannome.",globale:T-0051,
P3,altro,pending,retry del singolo file;,globale:T-0158,
P3,altro,pending,Revoca dispositivi.,usabilita:U0663,
P3,altro,pending,Revoca dispositivo.,globale:T-1230,
P3,altro,pending,revocabile;,addendum:A0361;addendum:A0365,
P3,altro,passed,Revocare il dispositivo.,globale:T-0328,production-smoke: dispositivo secondario revocato
P3,altro,pending,Revocare il permesso dalle impostazioni del telefono.,globale:T-0868,
P3,altro,pending,Revocare il vecchio telefono.,globale:T-1603,
P3,altro,pending,Riapertura della coda dopo chiusura forzata.,globale:T-0127,
P3,altro,pending,Riaprire il browser.,globale:T-0764,
P3,altro,pending,Riaprire il pannello.,usabilita:U0060,
P3,altro,pending,Riaprire l’app.,globale:T-0548,
P3,altro,pending,Riascoltare.,globale:T-0454;usabilita:U0221,
P3,altro,pending,Riavviare il telefono.,globale:T-0309;globale:T-0814;usabilita:U0541,
P3,altro,pending,Riavvio del telefono.,globale:T-0528,
P3,altro,pending,Ricerca con accenti.,globale:T-1693,
P3,altro,pending,Ricerca con errore di battitura.,globale:T-1694,
P3,altro,pending,Ricerca globale.,globale:T-0269,
P3,altro,pending,Ricerca maiuscole/minuscole.,globale:T-1695,
P3,altro,pending,Ricerca per città.,globale:T-0270,
P3,altro,pending,Ricerca per cognome.,globale:T-1697,
P3,altro,pending,Ricerca per giorno.,globale:T-0271,
P3,altro,pending,Ricerca per luogo.,globale:T-1700,
P3,altro,pending,Ricerca per nome.,globale:T-1701,
P3,altro,pending,Ricerca per persona.,globale:T-0272,
P3,altro,pending,Ricerca per testo del post.,globale:T-1702,
P3,altro,pending,Ricerca per testo.,globale:T-0273,
P3,altro,pending,Ricerca senza accenti.,globale:T-1703,
P3,altro,pending,riceve esclusivamente le informazioni necessarie al coordinamento;,addendum:A0154,
P3,altro,pending,Ricevere una telefonata durante la registrazione.,globale:T-0455;usabilita:U0230,
P3,altro,pending,ricevere una telefonata;,globale:T-0815,
P3,altro,pending,Richiedere conferma esplicita.,globale:T-1323,
P3,altro,pending,richiedere conferma;,addendum:A0253,
P3,altro,pending,richiesta generata;,addendum:A0416,
P3,altro,pending,richiesto dopo un’azione volontaria;,addendum:A0364,
P3,altro,pending,Ridurre attività in background non indispensabili.,globale:T-1665,
P3,altro,pending,"Riduzione del controllo ogni 2,5 secondi.",globale:T-0111,
P3,altro,pending,Riempire progressivamente IndexedDB.,globale:T-0848,
P3,altro,pending,Riepilogo serale.,globale:T-0274,
P3,altro,pending,Rifiutare coordinate come testo non numerico.,globale:T-0957,
P3,altro,pending,Rifiutare estensioni false.,globale:T-0175,
P3,altro,pending,Rifiutare HTML e JavaScript.,globale:T-0176,
P3,altro,pending,Rifiutare Infinity.,globale:T-0958,
P3,altro,pending,Rifiutare NaN.,globale:T-0959,
P3,altro,pending,Rifiutare SVG pericolosi.,globale:T-0177,
P3,altro,pending,Rifiutare timestamp creati manualmente dal client.,globale:T-1447,
P3,altro,pending,Rifiutare valori oltre gli intervalli ammessi.,globale:T-0960,
P3,altro,pending,rimanere bloccato;,addendum:A0311,
P3,altro,pending,rimosso;,addendum:A0195,
P3,altro,pending,Rimuovere il primo.,usabilita:U0210,
P3,altro,pending,Rimuovere l’ultimo.,usabilita:U0211,
P3,altro,pending,Rimuovere un allegato.,usabilita:U0209,
P3,altro,pending,riordinamento allegati;,globale:T-0159,
P3,altro,pending,Ripetere lo scatto.,usabilita:U0192,
P3,altro,pending,riprendere automaticamente quando il servizio ritorna;,globale:T-1145,
P3,altro,pending,Riprendere.,globale:T-0456;usabilita:U0219,
P3,altro,pending,ripresa dell’invio;,usabilita:U0532,
P3,altro,passed,ripresa;,globale:T-0160,resumable-upload: ripresa da parti già confermate
P3,altro,pending,riprovare con intervalli progressivi;,globale:T-1146,
P3,altro,pending,risorsa coinvolta;,globale:T-1579,
P3,altro,passed,"risposta coerente 401, 403, 404 o 409;",addendum:A0334,Authenticated remote QA + mobile publication; preview a018a091; 2026-08-04
P3,altro,pending,risposta HTTP 401 o 403;,globale:T-0752,
P3,altro,pending,risposte HTTP;,usabilita:U0714,
P3,altro,pending,risultati dei test automatici dei pulsanti;,addendum:A0474,
P3,altro,pending,risultati dei test di cambio identità;,addendum:A0477,
P3,altro,pending,risultati dei test di revoca;,addendum:A0479,
P3,altro,pending,risultati dei test sugli URL diretti;,addendum:A0476,
P3,altro,pending,risultati della scansione dei tasti morti;,addendum:A0473,
P3,altro,pending,Risultato atteso definitivo: impossibile.,globale:T-0329,
P3,altro,pending,risultato atteso;,globale:T-1257,
P3,altro,passed,Risultato atteso: 403.,globale:T-0330;usabilita:U0293;usabilita:U0472,Authenticated remote QA: 18/18 applicable; preview a018a091; 2026-08-04
P3,altro,pending,Risultato atteso: nessun aumento dei privilegi.,globale:T-0332,
P3,altro,pending,Risultato atteso: operazione bloccata.,globale:T-1485,
P3,altro,passed,Risultato atteso: richiesta rifiutata.,addendum:A0099,Playwright stale commands rejected 403; preview a4b05356; 2026-08-04
P3,altro,pending,risultato mostrato;,addendum:A0419,
P3,altro,pending,risultato ottenuto;,globale:T-1258,
P3,altro,pending,risultato;,globale:T-1580,
P3,altro,pending,ritorni a capo;,globale:T-1300,
P3,altro,pending,ritorno a una schermata sicura;,addendum:A0139,
P3,altro,pending,ruoli scritti direttamente nel browser;,addendum:A0402,
P3,altro,pending,Ruotare il telefono.,globale:T-1401;usabilita:U0353,
P3,altro,pending,Safari.,globale:T-1095,
P3,altro,pending,Salvare il post.,usabilita:U0270,
P3,altro,passed,salvataggio;,usabilita:U0397,Playwright mobile people/roles 1/1; preview 64167f5a; 2026-08-04
P3,altro,pending,Sanificazione dei contenuti inseriti nei popup delle mappe.,globale:T-0231,
P3,altro,pending,Scansione antivirus.,globale:T-0178,
P3,altro,pending,scelta dei campi visibili;,addendum:A0367,
P3,altro,pending,scelta della visibilità;,addendum:A0373,
P3,altro,pending,schede;,addendum:A0007,
P3,altro,pending,schermata aperta;,addendum:A0412,
P3,altro,pending,Schermo bloccato.,globale:T-0529,
P3,altro,pending,Scollegare le cuffie.,globale:T-0919,
P3,altro,pending,Scorrere rapidamente dieci allegati.,globale:T-0920,
P3,altro,passed,scorrimento interno quando il contenuto della modale è lungo.,addendum:A0250,"Playwright Galaxy S9+: invito e sessione server, modale sopra barra, pulsante raggiungibile, stato disabilitato/invio, doppio clic=una richiesta, HTTP 201 e record confermato; preview 9913ac2c; 2026-08-04"
P3,altro,pending,Screenshot,globale:T-0288;globale:T-1259;usabilita:U0034,
P3,altro,pending,screenshot dei test;,usabilita:U0712,
P3,altro,pending,scrittura post;,usabilita:U0542,
P3,altro,pending,Scrivere due bozze differenti.,globale:T-1593,
P3,altro,pending,Scrivere testo e chiudere.,usabilita:U0137,
P3,altro,pending,se è Familiare;,addendum:A0428,
P3,altro,pending,segnalare automaticamente ogni differenza.,addendum:A0042,
P3,altro,pending,Segnalare spostamenti fisicamente impossibili.,globale:T-1448,
P3,altro,pending,Segnalare variazioni di migliaia di chilometri in pochi minuti.,globale:T-1449,
P3,altro,passed,Selettore Familiari.,globale:T-0072,QA 1.31.0: contenuto Familiari visibile all'ospite autenticato e al gruppo
P3,altro,passed,Selettore Gruppo.,globale:T-0073,QA 1.31.0: contenuto Gruppo visibile ai viaggiatori e nascosto agli ospiti
P3,altro,passed,Selettore Solo io.,globale:T-0075,QA 1.31.0: contenuto Solo io visibile esclusivamente al proprietario
P3,altro,passed,selettori;,addendum:A0008,"TypeScript JSX inventory: 115 interactive elements, zero missing handlers/empty links; Playwright credential flow"
P3,altro,pending,Selezionare “Aggiungi ricordo”.,globale:T-0705,
P3,altro,pending,Selezionare allegati e chiudere.,usabilita:U0139,
P3,altro,pending,Selezionare HEIC.,usabilita:U0197,
P3,altro,pending,Selezionare HEIF.,usabilita:U0198,
P3,altro,pending,Selezionare PNG.,usabilita:U0199,
P3,altro,pending,Selezionare un file non supportato.,usabilita:U0202,
P3,altro,pending,Selezionare un risultato.,usabilita:U0244,
P3,altro,passed,Selezionare un’attività.,usabilita:U0329,"Playwright Galaxy S9+ reale: touch fisico, 14 giornate, persistenza, 14 ricollocazioni mappa, marker Delhi 1/8 e Ranakpur; pubblicazione HTTP 201 senza duplicati; preview 9913ac2c; 2026-08-04"
P3,altro,pending,selezione allegati;,usabilita:U0543,
P3,altro,pending,separato per categorie.,addendum:A0366,
P3,altro,pending,server non disponibile;,usabilita:U0507,
P3,altro,pending,Sezione Spese.,globale:T-0275,
P3,altro,pending,sezioni difficili da trovare;,globale:T-1782,
P3,altro,pending,sezioni segnaposto;,addendum:A0189,
P3,altro,pending,SÌ,globale:T-0289,
P3,altro,pending,silenziose;,globale:T-1388,
P3,altro,pending,Simboli matematici.,globale:T-0890,
P3,altro,pending,Simulare errore bloccante.,globale:T-1174,
P3,altro,pending,Simulare latenza di 2 secondi.,globale:T-0551,
P3,altro,pending,Simulare perdita pacchetti.,globale:T-0552,
P3,altro,pending,Simulare quota esaurita.,globale:T-0853,
P3,altro,pending,Simulare telefono smarrito.,globale:T-1616,
P3,altro,pending,Solo spazi.,globale:T-0891;globale:T-1301,
P3,altro,passed,Solo testo.,usabilita:U0141,Playwright mobile UI + HTTP 201 + production-smoke identity; preview 4bc152c6; 2026-08-04
P3,altro,pending,Soltanto una delle due richieste deve riuscire.,globale:T-0780,
P3,altro,pending,sono stati superati i test Android;,globale:T-0687,
P3,altro,pending,sono stati superati i test multidispositivo;,globale:T-0690,
P3,altro,pending,spazi finali;,globale:T-1302,
P3,altro,pending,spazi iniziali;,globale:T-1303,
P3,altro,pending,spazi ripetuti;,globale:T-1304,
P3,altro,pending,spazio Cloudflare;,globale:T-1765,
P3,altro,pending,spazio disponibile;,globale:T-1766,
P3,altro,pending,spazio sufficiente tra tasti vicini;,addendum:A0223,
P3,altro,pending,spegnere il telefono;,globale:T-0816,
P3,altro,pending,spegnere il Wi-Fi;,globale:T-0817,
P3,altro,pending,spiegare il problema;,usabilita:U0514,
P3,altro,pending,"SSE, WebSocket o polling incrementale sostenibile.",globale:T-0115,
P3,altro,pending,stabilità del feed;,globale:T-1118,
P3,altro,pending,stato corretto;,usabilita:U0602,
P3,altro,pending,Stato errore comunicato allo screen reader.,globale:T-1074,
P3,altro,pending,Stesso identificativo per ogni retry della medesima operazione.,globale:T-0139,
P3,altro,pending,stima del consumo dati;,globale:T-0162,
P3,altro,pending,stima del tempo;,globale:T-0163,
P3,altro,pending,Strict-Transport-Security.,globale:T-1483,
P3,altro,pending,Stringhe SQL.,globale:T-0892;globale:T-1305,
P3,altro,passed,Suddivisione in più parti se troppo grande.,globale:T-1726,resumable-upload: file da 9 MB suddiviso e completato in tre parti
P3,altro,pending,suggerimenti spontanei.,globale:T-1783,
P3,altro,pending,SUPERATO,globale:T-0290;usabilita:U0030,
P3,altro,pending,Supporto prefers-reduced-motion.,globale:T-1075,
P3,altro,pending,Tablet Android.,globale:T-1096,
P3,altro,pending,Tablet iPad.,globale:T-1097,
P3,altro,pending,tablet;,globale:T-0300;addendum:A0238,
P3,altro,pending,TalkBack su Android.,globale:T-1076,
P3,altro,pending,tasti coperti da altri elementi;,addendum:A0191,
P3,altro,pending,tasti fuori dallo schermo;,addendum:A0192,
P3,altro,pending,tasti nascosti;,addendum:A0047,
P3,altro,pending,tasti visibili ma non raggiungibili da tastiera.,addendum:A0193,
P3,altro,pending,tasti visibili;,addendum:A0046,
P3,altro,pending,tasto premuto;,addendum:A0413,
P3,altro,pending,Telefono con fuso automatico.,globale:T-0932,
P3,altro,pending,Telefono con fuso manuale errato.,globale:T-0933,
P3,altro,pending,telefono D – Familiare;,globale:T-0304,
P3,altro,pending,Telefono impostato sul fuso indiano.,globale:T-0934,
P3,altro,pending,Telefono impostato sul fuso italiano.,globale:T-0935,
P3,altro,pending,tempi di risposta;,globale:T-1260,
P3,altro,pending,tempo massimo API;,globale:T-1120,
P3,altro,pending,tempo medio API;,globale:T-1121,
P3,altro,pending,tempo necessario per ogni attività;,globale:T-1784,
P3,altro,pending,Tentare 11 allegati.,globale:T-0415,
P3,altro,pending,Tentare di incorporare l’app in un iframe esterno.,globale:T-1489,
P3,altro,pending,Tentare di modificare ruoli.,usabilita:U0637,
P3,altro,passed,Tentare di utilizzare un tasto rimasto aperto.,addendum:A0098,Playwright stale commands rejected 403; preview a4b05356; 2026-08-04
P3,altro,pending,test Android;,globale:T-1803;usabilita:U0717,
P3,altro,pending,test anti-duplicazione;,usabilita:U0728,
P3,altro,pending,test come Familiare;,usabilita:U0720,
P3,altro,pending,test con dispositivo revocato;,usabilita:U0724,
P3,altro,pending,test del Familiare;,globale:T-1804,
P3,altro,pending,test delle API;,globale:T-0016,
P3,altro,pending,test di regressione;,globale:T-0024,
P3,altro,pending,test end-to-end con browser;,globale:T-0025,
P3,altro,pending,test modalità aereo;,globale:T-1808,
P3,altro,passed,test multidispositivo;,globale:T-1809;usabilita:U0727,"Suite combinata: social su tre telefoni, documenti e posizione su due telefoni, sync API autenticata; 12/12 scenari UI e 20/20 test server applicabili; 2026-08-04"
P3,altro,pending,Test Push con app aperta.,globale:T-0092,
P3,altro,pending,Test Push con app completamente chiusa.,globale:T-0093,
P3,altro,pending,Test Push con app in background.,globale:T-0094,
P3,altro,pending,Test Push dopo riavvio del telefono.,globale:T-0095,
P3,altro,pending,Test Push su Android con PWA installata.,globale:T-0096,
P3,altro,pending,test unitari;,globale:T-0027,
P3,altro,pending,testi poco chiari;,globale:T-1785,
P3,altro,pending,testi riferiti a versioni precedenti;,addendum:A0408,
P3,altro,pending,Testo con alfabeti non latini.,globale:T-0893,
P3,altro,pending,Testo con emoji multiple.,globale:T-0894,
P3,altro,pending,Testo con ritorni a capo.,globale:T-0895,
P3,altro,pending,Testo copiato da WhatsApp.,globale:T-0896;globale:T-1306,
P3,altro,pending,Testo copiato da Word.,globale:T-0897;globale:T-1307,
P3,altro,pending,Testo da destra verso sinistra.,globale:T-0898,
P3,altro,pending,testo estremamente lungo;,globale:T-1308,
P3,altro,pending,Testo in hindi.,globale:T-0899;globale:T-1309;usabilita:U0155,
P3,altro,pending,Testo in inglese.,globale:T-0900,
P3,altro,pending,Testo in italiano.,globale:T-0901,
P3,altro,pending,Testo molto lungo.,usabilita:U0153,
P3,altro,pending,testo non sovrapposto;,addendum:A0226,
P3,altro,pending,Testo vuoto.,globale:T-0902,
P3,altro,pending,Testo.,usabilita:U0116,
P3,altro,pending,tipo corretto;,usabilita:U0600,
P3,altro,pending,tipo di operazione;,globale:T-1585,
P3,altro,pending,Toccare fuori dal menu.,usabilita:U0278,
P3,altro,pending,toccare rapidamente due volte;,usabilita:U0083,
P3,altro,passed,toccare una volta;,usabilita:U0082,"Playwright Galaxy S9+ reale: touch fisico, 14 giornate, persistenza, 14 ricollocazioni mappa, marker Delhi 1/8 e Ranakpur; pubblicazione HTTP 201 senza duplicati; preview 9913ac2c; 2026-08-04"
P3,altro,pending,Tornare al filtro precedente.,globale:T-1687,
P3,altro,pending,Tornare al post.,globale:T-1403,
P3,altro,pending,Tornare all’allegato precedente.,globale:T-0921,
P3,altro,pending,tornare alla Bacheca;,usabilita:U0126,
P3,altro,pending,Tornare alla versione 1.21.5.,globale:T-1175,
P3,altro,pending,Tornare da Google Maps.,globale:T-0974,
P3,altro,pending,Tornare indietro.,globale:T-0396;usabilita:U0183,
P3,altro,pending,Tornare nell’app.,globale:T-0457,
P3,altro,pending,Tre telefoni connessi contemporaneamente per 48 ore.,globale:T-1129,
P3,altro,pending,trovare il programma del giorno;,globale:T-1787,
P3,altro,pending,Tutti i dati devono rimanere corretti.,globale:T-1238,
P3,altro,pending,Tutti i partecipanti installano la PWA.,globale:T-1736,
P3,altro,pending,Tutti provano la modalità aereo.,globale:T-1738,
P3,altro,pending,Tutti verificano i dati di emergenza.,globale:T-1742,
P3,altro,pending,Tutti.,usabilita:U0113,
P3,altro,pending,un clic produce più richieste identiche;,addendum:A0219,
P3,altro,passed,Un doppio tocco non crea due post.,usabilita:U0159,"Playwright mobile: loading held, disabled state, duplicate click, HTTP 201, confirmation; preview 9393a1aa"
P3,altro,passed,un doppio tocco non duplica l’operazione;,addendum:A0171,"Playwright Galaxy S9+: invito e sessione server, modale sopra barra, pulsante raggiungibile, stato disabilitato/invio, doppio clic=una richiesta, HTTP 201 e record confermato; preview 9913ac2c; 2026-08-04"
P3,altro,passed,un post può essere duplicato;,usabilita:U0692,Authenticated remote QA: 18/18 applicable; preview a018a091; 2026-08-04
P3,altro,pending,un pulsante non esegue realmente l’operazione;,usabilita:U0699,
P3,altro,pending,Un solo post dopo dieci retry.,globale:T-0142,
P3,altro,pending,un solo record;,usabilita:U0588,
P3,altro,pending,un tasto genera errore console;,addendum:A0216,
P3,altro,pending,un tasto non produce alcun risultato;,addendum:A0215,
P3,altro,pending,un tocco prolungato non genera operazioni impreviste;,addendum:A0170,
P3,altro,pending,una bozza viene persa;,usabilita:U0693,
P3,altro,pending,Una parola.,globale:T-0903,
P3,altro,pending,Undici allegati.,usabilita:U0151,
P3,altro,pending,URL Cloudflare;,usabilita:U0706,
P3,altro,pending,usare un colore e un testo riconoscibili;,addendum:A0251,
P3,altro,pending,uscire dalla Bacheca;,usabilita:U0125,
P3,altro,pending,Utilizzare due dita.,usabilita:U0352,
P3,altro,pending,utilizzare identificativi vuoti;,addendum:A0309,
P3,altro,pending,Utilizzare immagine locale di riserva.,globale:T-1633,
P3,altro,pending,Utilizzare l’app al buio.,globale:T-0594,
P3,altro,pending,Utilizzare l’app camminando.,globale:T-0595,
P3,altro,pending,Utilizzare l’app con una sola mano.,globale:T-0596,
P3,altro,pending,Utilizzare l’app sotto luce solare.,globale:T-0598,
P3,altro,passed,utilizzare l’app;,addendum:A0067,Playwright same-device identity switch 5/5; preview 39b1fb83; 2026-08-04
P3,altro,pending,Utilizzare miniature.,globale:T-1652,
P3,altro,pending,Utilizzare strumenti di sviluppo per modificare latitudine e longitudine.,globale:T-1451,
P3,altro,passed,Utilizzare un comando già visibile.,addendum:A0102,Playwright stale commands rejected 403; preview a4b05356; 2026-08-04
P3,altro,pending,Validare anche le coordinate degli endpoint di ricerca inversa.,globale:T-0189,
P3,altro,passed,Validazione delle dimensioni reali.,globale:T-0179,QA 1.29.0: dimensione reale da 9 MB ricomposta e verificata dal server
P3,altro,pending,Validazione di tutti gli identificativi.,globale:T-0232,
P3,altro,pending,valore massimo;,globale:T-1310,
P3,altro,pending,valore minimo;,globale:T-1311,
P3,altro,pending,valore molto lungo;,usabilita:U0391,
P3,altro,pending,valore oltre il massimo;,globale:T-1312,
P3,altro,passed,valore vuoto;,globale:T-1313;usabilita:U0390,Playwright mobile people/roles 1/1; preview 64167f5a; 2026-08-04
P3,altro,pending,valori null;,globale:T-1314,
P3,altro,pending,valori undefined;,globale:T-1315,
P3,altro,pending,vecchie chiavi localStorage;,addendum:A0406,
P3,altro,pending,Verifica aggiornamento sul secondo telefono.,globale:T-0473,
P3,altro,pending,Verifica antispam.,globale:T-0474,
P3,altro,pending,Verifica Cloudflare raggiungibile.,globale:T-0655,
P3,altro,pending,Verifica consumo dati.,globale:T-0656,
P3,altro,pending,Verifica della firma reale del file.,globale:T-0180,
P3,altro,pending,Verifica funzionamento con computer del programmatore spento.,globale:T-0657,
P3,altro,pending,Verifica Google Maps raggiungibile.,globale:T-0658,
P3,altro,pending,Verifica mappe raggiungibili.,globale:T-0659,
P3,altro,pending,Verifica OpenFreeMap raggiungibile.,globale:T-0661,
P3,altro,pending,Verifica perdita dei privilegi dopo logout.,usabilita:U0666,
P3,altro,pending,Verifica Unsplash raggiungibile.,globale:T-0663,
P3,altro,pending,Verificare aeroporti di partenza e arrivo.,globale:T-1266,
P3,altro,pending,Verificare aggiornamento automatico.,usabilita:U0109,
P3,altro,pending,Verificare aggiornamento coerente.,globale:T-0873,
P3,altro,pending,Verificare aggiornamento dalla versione precedente.,globale:T-0310,
P3,altro,passed,Verificare aggiornamento del conteggio.,usabilita:U0448,Playwright su due telefoni: coordinatore vede 1/4 e Passaporto presente; preview c90ec547; 2026-08-04
P3,altro,pending,Verificare aggiornamento della prima.,globale:T-1594,
P3,altro,pending,Verificare aggiornamento della seconda.,globale:T-1595,
P3,altro,pending,Verificare aggiornamento dello stato nell’app.,globale:T-0874,
P3,altro,pending,Verificare aggiornamento sul secondo telefono.,globale:T-0416;usabilita:U0254,
P3,altro,passed,Verificare aggiornamento.,usabilita:U0450,Playwright: polling privato porta automaticamente la griglia coordinatore da 1/4 a 0/4; preview c90ec547; 2026-08-04
P3,altro,pending,Verificare Agra.,globale:T-0361,
P3,altro,pending,Verificare ambiente di collaudo separato.,globale:T-1506,
P3,altro,pending,Verificare ambiente produzione.,globale:T-1507,
P3,altro,pending,Verificare anteprima completa attiva.,globale:T-1358,
P3,altro,pending,Verificare anteprima nascosta dalle impostazioni del telefono.,globale:T-1359,
P3,altro,passed,Verificare anteprima.,usabilita:U0193,"Playwright mobile: anteprima separata di foto, video WebM con audio e WAV; preview b4f2cf13; 2026-08-04"
P3,altro,pending,Verificare apertura del compositore sul giorno corretto.,usabilita:U0337,
P3,altro,pending,Verificare apertura del compositore.,usabilita:U0132,
P3,altro,pending,Verificare apertura del contenuto preciso.,globale:T-0530;usabilita:U0066,
P3,altro,pending,Verificare apertura del giorno preciso.,globale:T-0979,
P3,altro,pending,Verificare apertura del pannello.,usabilita:U0040,
P3,altro,pending,Verificare apertura del post preciso.,globale:T-0980,
P3,altro,pending,Verificare apertura della medesima schermata.,globale:T-1421,
P3,altro,pending,Verificare apertura standalone.,globale:T-0311,
P3,altro,pending,Verificare assenza di aumento progressivo della memoria.,globale:T-0592,
P3,altro,pending,Verificare assenza di codice inutilizzato.,globale:T-1671,
P3,altro,pending,Verificare assenza di corruzione dei dati.,globale:T-0833,
P3,altro,pending,Verificare assenza di duplicazioni.,globale:T-0575;usabilita:U0023,
P3,altro,pending,Verificare assenza di errori in console.,globale:T-0312,
P3,altro,pending,Verificare assenza di file orfani.,globale:T-0576,
P3,altro,pending,Verificare assenza di record parziali.,globale:T-1154,
P3,altro,passed,Verificare assenza di schermata bianca.,globale:T-0313;usabilita:U0089,"Playwright Galaxy S9+ reale: touch fisico, 14 giornate, persistenza, 14 ricollocazioni mappa, marker Delhi 1/8 e Ranakpur; pubblicazione HTTP 201 senza duplicati; preview 9913ac2c; 2026-08-04"
P3,altro,passed,Verificare associazione alla persona corretta.,usabilita:U0452,Playwright: card filtrata sul nome del viaggiatore e Passaporto presente associato allo stesso nome; preview c90ec547; 2026-08-04
P3,altro,pending,Verificare attività opzionali.,globale:T-1267,
P3,altro,passed,Verificare attività.,globale:T-0362;usabilita:U0326,"Playwright Galaxy S9+ reale: touch fisico, 14 giornate, persistenza, 14 ricollocazioni mappa, marker Delhi 1/8 e Ranakpur; pubblicazione HTTP 201 senza duplicati; preview 9913ac2c; 2026-08-04"
P3,altro,pending,Verificare audit log.,globale:T-0629,
P3,altro,pending,Verificare aumento progressivo del consumo dati.,globale:T-1130,
P3,altro,pending,Verificare aumento progressivo del numero di richieste.,globale:T-1131,
P3,altro,pending,Verificare aumento progressivo della RAM.,globale:T-1132,
P3,altro,pending,Verificare autore corretto.,globale:T-0417;usabilita:U0018;usabilita:U0133,
P3,altro,pending,Verificare autore.,usabilita:U0100;usabilita:U0633,
P3,altro,pending,Verificare binding D1 corretto.,globale:T-1508,
P3,altro,pending,Verificare blocchi dell’interfaccia.,globale:T-1133,
P3,altro,pending,Verificare caching degli asset versionati.,globale:T-1672,
P3,altro,pending,Verificare cancellazione automatica soltanto dei dati non essenziali.,globale:T-0854,
P3,altro,pending,Verificare cancellazione di nome e coordinate.,usabilita:U0242,
P3,altro,pending,Verificare carosello.,usabilita:U0107,
P3,altro,pending,Verificare certificato HTTPS.,globale:T-1510,
P3,altro,pending,Verificare che day_index corrisponda al giorno 5.,globale:T-0708,
P3,altro,pending,Verificare che frontend e API siano compatibili durante il passaggio di versione.,globale:T-0834,
P3,altro,pending,Verificare che i test non utilizzino dati di produzione.,globale:T-1511,
P3,altro,pending,Verificare che il conteggio torni a 4/4.,globale:T-0709,
P3,altro,pending,Verificare che il contenuto venga mostrato come testo e non eseguito.,globale:T-0904,
P3,altro,pending,"Verificare che il controllo ogni 2,5 secondi non consumi eccessivamente dati e batteria.",globale:T-0593,
P3,altro,pending,Verificare che il dominio mostri “REV 1.21.5”.,globale:T-0011,
P3,altro,pending,Verificare che il link non esponga informazioni personali.,globale:T-0784,
P3,altro,pending,Verificare che il link venga rimosso dalla barra dopo l’attivazione.,globale:T-0785,
P3,altro,pending,Verificare che il post compaia nel filtro del giorno corretto.,globale:T-0712,
P3,altro,pending,Verificare che il post non compaia nel giorno sbagliato.,usabilita:U0180,
P3,altro,pending,verificare che il pulsante non rimanga bloccato su “Invio”;,globale:T-0818,
P3,altro,pending,Verificare che il server lo ignori o lo rifiuti.,usabilita:U0174,
P3,altro,pending,verificare che il tasto Indietro del telefono non chiuda l’app inaspettatamente.,usabilita:U0092,
P3,altro,pending,Verificare che il vecchio file non sia più raggiungibile.,globale:T-0716,
P3,altro,pending,Verificare che il vecchio telefono non acceda più.,globale:T-1605,
P3,altro,pending,Verificare che l’aggiornamento non chiuda la tastiera.,usabilita:U0112,
P3,altro,pending,Verificare che l’aggiornamento non sposti la lettura.,usabilita:U0110,
P3,altro,pending,Verificare che l’app non esca inaspettatamente.,globale:T-1422,
P3,altro,pending,Verificare che l’immagine rappresenti la città corretta.,globale:T-1636,
P3,altro,pending,Verificare che l’URL corrisponda alla schermata mostrata.,globale:T-1423,
P3,altro,pending,Verificare che la riproduzione non ricominci dopo un aggiornamento del feed.,globale:T-0923,
P3,altro,pending,Verificare che la scadenza sia determinata dal server.,globale:T-0768,
P3,altro,pending,Verificare che la subscription venga associata all’identità corretta.,globale:T-0875,
P3,altro,pending,Verificare che la tastiera non copra i pulsanti.,globale:T-0599,
P3,altro,pending,Verificare che latitudine e longitudine non siano invertite.,globale:T-0190,
P3,altro,pending,Verificare che le immagini non consumino dati inutilmente.,globale:T-1637,
P3,altro,pending,Verificare che nessun dato sensibile compaia nei log.,globale:T-0630,
P3,altro,pending,Verificare che nessun segreto sia presente nel frontend.,globale:T-0631,
P3,altro,pending,Verificare che nessuna scheda rimanga su codice incompatibile.,globale:T-1596,
P3,altro,pending,verificare che non esistano duplicati;,globale:T-0819,
P3,altro,pending,verificare che non esistano file orfani;,globale:T-0820,
P3,altro,pending,Verificare che non esistano pulsanti simulati.,globale:T-0600,
P3,altro,pending,Verificare che non rimangano file JavaScript della versione precedente.,globale:T-0838,
P3,altro,pending,Verificare che non rimangano file orfani.,globale:T-1330,
P3,altro,pending,Verificare che non si creino schermate duplicate nella cronologia.,globale:T-1424,
P3,altro,pending,Verificare che non siano invertite.,globale:T-0505,
P3,altro,pending,Verificare che ogni marker corrisponda alla città corretta.,globale:T-0191,
P3,altro,pending,"Verificare che ogni operazione mostri se è in corso, riuscita o fallita.",globale:T-0601,
P3,altro,pending,Verificare che rimanga disponibile la versione precedente.,globale:T-1001,
P3,altro,pending,Verificare che tastiera e campo rimangano aperti.,globale:T-1404,
P3,altro,pending,Verificare che testo e allegati non vengano persi.,globale:T-0839,
P3,altro,pending,Verificare che tutte le funzioni riservate siano bloccate.,usabilita:U0624,
P3,altro,pending,Verificare che un aggiornamento non faccia perdere allegati selezionati.,globale:T-0315,
P3,altro,pending,Verificare che venga conservato l’aggiornamento più recente.,globale:T-0801,
P3,altro,pending,Verificare che venga creata una sola associazione valida.,globale:T-0802,
P3,altro,pending,Verificare che vengano mostrati come testo innocuo.,globale:T-0357,
P3,altro,passed,Verificare checklist.,globale:T-0363;usabilita:U0328,"Playwright Galaxy S9+ reale: touch fisico, 14 giornate, persistenza, 14 ricollocazioni mappa, marker Delhi 1/8 e Ranakpur; pubblicazione HTTP 201 senza duplicati; preview 9913ac2c; 2026-08-04"
P3,altro,pending,Verificare chilometri.,globale:T-0364,
P3,altro,pending,Verificare coerenza tra nome e coordinate.,usabilita:U0246,
P3,altro,passed,Verificare comparsa dei nuovi comandi soltanto dopo conferma server.,addendum:A0092,Playwright live role/revoke 1/1; preview a4b05356; 2026-08-04
P3,altro,pending,Verificare comparsa sul secondo telefono.,usabilita:U0021,
P3,altro,pending,Verificare comportamento con Unsplash bloccato.,globale:T-1638,
P3,altro,pending,Verificare comportamento dell’altra scheda.,globale:T-1597,
P3,altro,pending,Verificare comportamento della pulizia automatica di iOS.,globale:T-0855,
P3,altro,passed,Verificare comportamento dopo logout.,globale:T-1362,QA 1.31.0: dopo logout sessione e area privata restituiscono 401
P3,altro,pending,Verificare comportamento dopo molti giorni senza aprire la PWA.,globale:T-0856,
P3,altro,pending,Verificare comportamento dopo revoca del dispositivo.,globale:T-1363,
P3,altro,pending,Verificare compressione Brotli/Gzip.,globale:T-1675,
P3,altro,pending,Verificare configurazione del dominio.,globale:T-1512,
P3,altro,pending,Verificare conservazione degli allegati.,usabilita:U0140,
P3,altro,pending,Verificare conservazione dei dati.,globale:T-1180,
P3,altro,passed,Verificare conservazione della bozza.,usabilita:U0138,"Playwright Galaxy S9+ reale: touch fisico, 14 giornate, persistenza, 14 ricollocazioni mappa, marker Delhi 1/8 e Ranakpur; pubblicazione HTTP 201 senza duplicati; preview 9913ac2c; 2026-08-04"
P3,altro,pending,Verificare consumo batteria.,globale:T-1465,
P3,altro,pending,Verificare consumo Cloudflare.,globale:T-0577,
P3,altro,pending,Verificare contatti degli autisti.,globale:T-1270,
P3,altro,passed,Verificare conteggio corretto.,usabilita:U0213,Playwright mobile: 3 allegati e limite esatto di 10; undicesimo rifiutato senza perdere i primi 10; preview b4f2cf13; 2026-08-04
P3,altro,pending,Verificare conteggio generale.,usabilita:U0446,
P3,altro,pending,verificare contenuti corretti;,usabilita:U0121,
P3,altro,pending,Verificare contenuti recenti.,usabilita:U0057,
P3,altro,pending,Verificare contenuto.,usabilita:U0427,
P3,altro,pending,Verificare conto alla rovescia.,globale:T-0937,
P3,altro,pending,Verificare contrasto colori.,globale:T-0602,
P3,altro,pending,Verificare coordinate.,usabilita:U0237,
P3,altro,passed,Verificare CSP.,globale:T-0632,production-smoke: CSP verificata sul dominio live
P3,altro,pending,Verificare data e ora.,usabilita:U0101;usabilita:U0465,
P3,altro,pending,Verificare date dal 10 al 23 agosto 2026.,globale:T-0365,
P3,altro,pending,Verificare dati dopo cancellazione dell’app dalla schermata Home.,globale:T-1624,
P3,altro,pending,Verificare dati precedenti conservati.,globale:T-1031,
P3,altro,pending,Verificare dati tramite strumenti di sviluppo.,globale:T-1626,
P3,altro,passed,Verificare Delhi iniziale e finale.,usabilita:U0345,"Playwright Galaxy S9+ reale: touch fisico, 14 giornate, persistenza, 14 ricollocazioni mappa, marker Delhi 1/8 e Ranakpur; pubblicazione HTTP 201 senza duplicati; preview 9913ac2c; 2026-08-04"
P3,altro,pending,Verificare Delhi.,globale:T-0366,
P3,altro,passed,Verificare descrizione.,usabilita:U0321,"Playwright Galaxy S9+ reale: touch fisico, 14 giornate, persistenza, 14 ricollocazioni mappa, marker Delhi 1/8 e Ranakpur; pubblicazione HTTP 201 senza duplicati; preview 9913ac2c; 2026-08-04"
P3,altro,pending,Verificare descrizioni.,globale:T-0367,
P3,altro,pending,Verificare destinazione.,usabilita:U0357,
P3,altro,pending,Verificare dimensione.,usabilita:U0205,
P3,altro,passed,Verificare distanza.,usabilita:U0323,"Playwright Galaxy S9+ reale: touch fisico, 14 giornate, persistenza, 14 ricollocazioni mappa, marker Delhi 1/8 e Ranakpur; pubblicazione HTTP 201 senza duplicati; preview 9913ac2c; 2026-08-04"
P3,altro,pending,Verificare distanze indicate.,globale:T-1271,
P3,altro,pending,Verificare durata di 48 ore.,usabilita:U0379,
P3,altro,passed,Verificare durata.,usabilita:U0324,"Playwright Galaxy S9+ reale: touch fisico, 14 giornate, persistenza, 14 ricollocazioni mappa, marker Delhi 1/8 e Ranakpur; pubblicazione HTTP 201 senza duplicati; preview 9913ac2c; 2026-08-04"
P3,altro,pending,Verificare durate indicate.,globale:T-1272,
P3,altro,pending,Verificare durate.,globale:T-0368,
P3,altro,pending,Verificare errori Cloudflare.,globale:T-1134,
P3,altro,pending,Verificare errori JavaScript.,globale:T-1135,
P3,altro,passed,verificare evidenziazione del pulsante attivo;,usabilita:U0088,"Playwright Galaxy S9+ reale: touch fisico, 14 giornate, persistenza, 14 ricollocazioni mappa, marker Delhi 1/8 e Ranakpur; pubblicazione HTTP 201 senza duplicati; preview 9913ac2c; 2026-08-04"
P3,altro,pending,Verificare evidenziazione.,usabilita:U0271,
P3,altro,pending,Verificare fallback “Copia link”.,usabilita:U0267,
P3,altro,pending,Verificare fallback con coordinate numeriche.,usabilita:U0240,
P3,altro,passed,Verificare file corretto.,usabilita:U0423,Playwright mobile: documento-prova.pdf associato al Passaporto e aperto dal relativo comando; preview c90ec547; 2026-08-04
P3,altro,pending,Verificare filtro ancora attivo.,globale:T-1405,
P3,altro,pending,Verificare focus e tastiera.,usabilita:U0258,
P3,altro,pending,Verificare focus visibile.,globale:T-0603,
P3,altro,pending,Verificare formato Android.,usabilita:U0229,
P3,altro,pending,Verificare frequenza degli aggiornamenti.,globale:T-1466,
P3,altro,pending,Verificare fuso orario.,globale:T-0506,
P3,altro,pending,Verificare gestione senza sovrascrittura silenziosa.,globale:T-1598,
P3,altro,pending,Verificare giorni di chiusura dei monumenti.,globale:T-1273,
P3,altro,pending,Verificare giorno precedente e successivo.,globale:T-0369,
P3,altro,pending,Verificare HTTPS.,globale:T-0316,
P3,altro,pending,Verificare icona corretta.,globale:T-0317,
P3,altro,pending,Verificare identità mostrata.,usabilita:U0068,
P3,altro,pending,Verificare il 10 agosto 2026.,globale:T-0940,
P3,altro,pending,Verificare il 23 agosto 2026.,globale:T-0941,
P3,altro,pending,Verificare impossibilità di utilizzarlo.,globale:T-0787,
P3,altro,pending,Verificare incremento della versione per inserimento.,globale:T-1034,
P3,altro,pending,Verificare incremento della versione per modifica.,globale:T-1035,
P3,altro,passed,Verificare indicatore Presente.,usabilita:U0420,Playwright mobile: indicatore ✓ Presente e nome file dopo conferma server; preview c90ec547; 2026-08-04
P3,altro,pending,Verificare indici sulle query più utilizzate.,globale:T-1023,
P3,altro,pending,Verificare invio automatico una sola volta.,globale:T-0555,
P3,altro,pending,Verificare Jaipur.,globale:T-0370,
P3,altro,pending,Verificare Jodhpur.,globale:T-0371,
P3,altro,pending,Verificare latitudine.,globale:T-0507,
P3,altro,pending,"Verificare licenza e attribuzione, se necessaria.",globale:T-1640,
P3,altro,pending,Verificare limiti corretti.,usabilita:U0638,
P3,altro,passed,Verificare limiti del primo e ultimo giorno.,usabilita:U0335,"Playwright Galaxy S9+ reale: touch fisico, 14 giornate, persistenza, 14 ricollocazioni mappa, marker Delhi 1/8 e Ranakpur; pubblicazione HTTP 201 senza duplicati; preview 9913ac2c; 2026-08-04"
P3,altro,pending,Verificare limiti delle Functions.,globale:T-1514,
P3,altro,pending,Verificare limiti di D1.,globale:T-1515,
P3,altro,pending,Verificare linee aeree.,usabilita:U0347,
P3,altro,pending,Verificare linee ferroviarie.,usabilita:U0348,
P3,altro,pending,Verificare link del post preciso.,usabilita:U0266,
P3,altro,passed,verificare lo stato dell’operazione alla riapertura;,globale:T-0821,resumable-upload: stato server riletto prima della ripresa
P3,altro,pending,Verificare log di apertura e download.,globale:T-0489,
P3,altro,pending,Verificare log di apertura.,globale:T-1002,
P3,altro,pending,Verificare log di deploy.,globale:T-1516,
P3,altro,pending,Verificare log di download.,globale:T-1003,
P3,altro,pending,Verificare log di sostituzione.,globale:T-1005,
P3,altro,pending,Verificare logout anche nella seconda.,globale:T-1599,
P3,altro,pending,Verificare logout durante apertura.,globale:T-0490,
P3,altro,pending,Verificare longitudine.,globale:T-0508,
P3,altro,pending,Verificare luogo.,usabilita:U0103,
P3,altro,pending,Verificare mantenimento del filtro.,globale:T-0984;usabilita:U0127,
P3,altro,pending,Verificare mantenimento del testo non inviato.,globale:T-0985,
P3,altro,pending,Verificare mantenimento dello scorrimento.,globale:T-0987,
P3,altro,pending,verificare mantenimento dello stato tornando indietro;,usabilita:U0091,
P3,altro,pending,Verificare mantenimento dello stato.,globale:T-1406;usabilita:U0050,
P3,altro,pending,Verificare manualmente ogni coordinata.,globale:T-0193,
P3,altro,pending,Verificare marker sovrapposti.,globale:T-0963,
P3,altro,passed,Verificare marker.,usabilita:U0342;usabilita:U0464,"Playwright Galaxy S9+ reale: touch fisico, 14 giornate, persistenza, 14 ricollocazioni mappa, marker Delhi 1/8 e Ranakpur; pubblicazione HTTP 201 senza duplicati; preview 9913ac2c; 2026-08-04 | Playwright mobile: marker nominativo visibile sulla cartina dell'India; preview 20382a40; 2026-08-04"
P3,altro,pending,Verificare messaggi di errore comprensibili.,globale:T-0604,
P3,altro,pending,Verificare messaggio corretto per file non riproducibile.,globale:T-0924,
P3,altro,pending,Verificare messaggio corretto.,globale:T-0420,
P3,altro,pending,Verificare messaggio preciso.,usabilita:U0044;usabilita:U0203,
P3,altro,pending,verificare messaggio quando non esistono risultati.,usabilita:U0130,
P3,altro,passed,Verificare messaggio.,usabilita:U0458,"Playwright mobile: conferme Posizione condivisa adesso, Posizione cancellata e Permesso posizione non disponibile; preview 20382a40; 2026-08-04"
P3,altro,pending,Verificare mezzi.,globale:T-0372,
P3,altro,passed,Verificare mezzo.,usabilita:U0322,"Playwright Galaxy S9+ reale: touch fisico, 14 giornate, persistenza, 14 ricollocazioni mappa, marker Delhi 1/8 e Ranakpur; pubblicazione HTTP 201 senza duplicati; preview 9913ac2c; 2026-08-04"
P3,altro,pending,verificare nessun contenuto errato;,usabilita:U0122,
P3,altro,pending,Verificare nessun duplicato tra pagine.,globale:T-1688,
P3,altro,pending,Verificare nessun file orfano.,usabilita:U0291,
P3,altro,pending,Verificare nessun nuovo invio dopo disattivazione.,globale:T-0531,
P3,altro,pending,Verificare nessun post mancante.,globale:T-1689,
P3,altro,passed,Verificare nome corretto.,globale:T-0319;usabilita:U0460,Playwright su due telefoni: posizione associata al nome univoco del viaggiatore QA; preview 20382a40; 2026-08-04
P3,altro,pending,Verificare nome del luogo.,usabilita:U0238,
P3,altro,passed,Verificare nome della persona.,usabilita:U0253,"Playwright Galaxy S9+ su tre contesti: viaggiatore, familiare e pubblico; identità ospite server, like aggiunto/rimosso, commento creato/modificato/eliminato, sync automatica e comandi proprietà; preview c9d82d89; 2026-08-04"
P3,altro,passed,Verificare nome file.,usabilita:U0204;usabilita:U0426,Playwright mobile: nome download documento-prova.pdf verificato; preview c90ec547; 2026-08-04
P3,altro,pending,Verificare nomi delle guide.,globale:T-1276,
P3,altro,pending,Verificare numeri dei treni.,globale:T-1277,
P3,altro,pending,Verificare numeri dei voli.,globale:T-1278,
P3,altro,pending,Verificare numero di non letti.,usabilita:U0058,
P3,altro,pending,Verificare nuova registrazione della subscription.,globale:T-0879,
P3,altro,pending,Verificare obiettivi.,globale:T-0373,
P3,altro,passed,Verificare obiettivo.,usabilita:U0325,"Playwright Galaxy S9+ reale: touch fisico, 14 giornate, persistenza, 14 ricollocazioni mappa, marker Delhi 1/8 e Ranakpur; pubblicazione HTTP 201 senza duplicati; preview 9913ac2c; 2026-08-04"
P3,altro,pending,Verificare orari di check-in.,globale:T-1279,
P3,altro,pending,Verificare orari di check-out.,globale:T-1280,
P3,altro,pending,Verificare ordinamento cronologico.,usabilita:U0099,
P3,altro,pending,Verificare ordinamento nel feed.,globale:T-0421,
P3,altro,pending,Verificare orientamento EXIF.,globale:T-1436,
P3,altro,pending,Verificare orientamento orizzontale.,globale:T-0606,
P3,altro,pending,Verificare orientamento verticale.,globale:T-0607,
P3,altro,pending,Verificare partenza e ritorno a Delhi.,globale:T-0195,
P3,altro,pending,Verificare percorsi aerei.,globale:T-0196,
P3,altro,pending,Verificare percorsi ferroviari.,globale:T-0197,
P3,altro,pending,Verificare percorsi in van.,globale:T-0198,
P3,altro,pending,Verificare percorsi stradali.,usabilita:U0349,
P3,altro,pending,Verificare percorso corretto.,usabilita:U0359,
P3,altro,passed,Verificare percorso.,usabilita:U0327;usabilita:U0343,"Playwright Galaxy S9+ reale: touch fisico, 14 giornate, persistenza, 14 ricollocazioni mappa, marker Delhi 1/8 e Ranakpur; pubblicazione HTTP 201 senza duplicati; preview 9913ac2c; 2026-08-04"
P3,altro,pending,Verificare persistenza della checklist.,globale:T-0374,
P3,altro,passed,Verificare persistenza.,usabilita:U0273;usabilita:U0332,"Playwright Galaxy S9+ reale: touch fisico, 14 giornate, persistenza, 14 ricollocazioni mappa, marker Delhi 1/8 e Ranakpur; pubblicazione HTTP 201 senza duplicati; preview 9913ac2c; 2026-08-04"
P3,altro,pending,Verificare peso delle immagini.,globale:T-1641,
P3,altro,pending,Verificare popup con HTML e script.,globale:T-0964,
P3,altro,pending,Verificare popup con nome molto lungo.,globale:T-0965,
P3,altro,pending,verificare possibilità di riprovare.,globale:T-0822,
P3,altro,pending,Verificare precisione decimale.,globale:T-0966,
P3,altro,pending,Verificare preferiti.,globale:T-1609,
P3,altro,pending,Verificare presenza della bozza e degli allegati.,globale:T-0556,
P3,altro,pending,Verificare procedura di revoca e rigenerazione.,globale:T-0788,
P3,altro,pending,Verificare procedura di revoca.,usabilita:U0415,
P3,altro,pending,Verificare protezione dagli abusi.,globale:T-1517,
P3,altro,pending,Verificare pulsante Chiudi/Annulla.,usabilita:U0135,
P3,altro,pending,Verificare pulsanti di almeno 44×44 pixel.,globale:T-0608,
P3,altro,pending,Verificare punti d’incontro.,globale:T-1282,
P3,altro,pending,Verificare quale modifica viene conservata.,globale:T-0806,
P3,altro,pending,Verificare quali dati restano in IndexedDB.,globale:T-1627,
P3,altro,pending,Verificare quali dati restano nel localStorage.,globale:T-1628,
P3,altro,passed,Verificare Ranakpur.,globale:T-0375;usabilita:U0346,"Playwright Galaxy S9+ reale: touch fisico, 14 giornate, persistenza, 14 ricollocazioni mappa, marker Delhi 1/8 e Ranakpur; pubblicazione HTTP 201 senza duplicati; preview 9913ac2c; 2026-08-04"
P3,altro,passed,Verificare rate limiting.,globale:T-0633,QA 1.28.0: raffica di accessi errati bloccata con HTTP 429
P3,altro,pending,Verificare recupero corretto.,usabilita:U0233,
P3,altro,pending,Verificare redirect da HTTP a HTTPS.,globale:T-1518,
P3,altro,pending,Verificare REV 1.21.5.,globale:T-0320,
P3,altro,pending,Verificare ricerca inversa.,usabilita:U0239,
P3,altro,passed,Verificare richieste Range 206.,globale:T-0925,QA 1.29.0: lettura Range attraversa due parti e restituisce HTTP 206
P3,altro,pending,Verificare riconciliazione automatica.,globale:T-1155,
P3,altro,pending,Verificare riduzione animazioni.,globale:T-0609,
P3,altro,pending,Verificare rilevamento dell’aggiornamento.,globale:T-0841,
P3,altro,pending,Verificare rimozione della vecchia subscription Push.,globale:T-1611,
P3,altro,passed,Verificare rimozione.,usabilita:U0434,Playwright mobile: stato torna a Non ancora caricato; preview c90ec547; 2026-08-04
P3,altro,passed,Verificare ripresa senza duplicazione.,globale:T-0557,resumable-upload: parte già confermata non viene inviata due volte
P3,altro,passed,Verificare riproduzione nel feed.,usabilita:U0226,Playwright mobile: player audio visibile e metadati decodificati con durata maggiore di zero; preview b4f2cf13; 2026-08-04
P3,altro,pending,Verificare riproduzione sul secondo telefono.,usabilita:U0227,
P3,altro,pending,Verificare rispetto della visibilità.,usabilita:U0269,
P3,altro,pending,Verificare risposta 429.,globale:T-1058,
P3,altro,pending,Verificare risposta coerente.,globale:T-0807,
P3,altro,passed,Verificare risposta HTTP 201.,usabilita:U0016,Playwright mobile UI + HTTP 201 + production-smoke identity; preview 4bc152c6; 2026-08-04
P3,altro,pending,Verificare ritorno a Delhi.,globale:T-0376,
P3,altro,pending,Verificare ritorno allo stesso post e allo stesso punto di scorrimento.,globale:T-0721,
P3,altro,pending,Verificare ritorno allo stesso punto.,usabilita:U0355,
P3,altro,pending,Verificare rollback completo.,globale:T-1156,
P3,altro,pending,Verificare rollback del deploy.,globale:T-1519,
P3,altro,pending,Verificare rollback dopo errore a metà operazione.,globale:T-1024,
P3,altro,pending,Verificare scadenza automatica.,globale:T-0509,
P3,altro,pending,"Verificare scadenza dopo 15, 30 e 60 minuti.",globale:T-1467,
P3,altro,passed,verificare schermata corretta;,usabilita:U0087,"Playwright Galaxy S9+ reale: touch fisico, 14 giornate, persistenza, 14 ricollocazioni mappa, marker Delhi 1/8 e Ranakpur; pubblicazione HTTP 201 senza duplicati; preview 9913ac2c; 2026-08-04"
P3,altro,passed,Verificare scomparsa dal feed.,usabilita:U0284,Authenticated remote QA: 18/18 applicable; preview a018a091; 2026-08-04
P3,altro,pending,Verificare scomparsa del marker su tutti i dispositivi.,globale:T-0722,
P3,altro,passed,Verificare scomparsa sul secondo telefono.,globale:T-0510;usabilita:U0285,Authenticated remote QA: 18/18 applicable; preview a018a091; 2026-08-04
P3,altro,passed,Verificare scomparsa.,usabilita:U0469,Playwright: record nominativo scompare dalla lista del secondo telefono; preview 20382a40; 2026-08-04
P3,altro,pending,Verificare screen reader.,globale:T-0610,
P3,altro,pending,verificare se deve comparire;,usabilita:U0124,
P3,altro,pending,verificare se esiste possibilità di recupero;,addendum:A0260,
P3,altro,pending,Verificare se i post precedenti devono mantenere il vecchio nome oppure utilizzare quello nuovo.,globale:T-0723,
P3,altro,pending,Verificare spazio disponibile sul dispositivo.,globale:T-0857,
P3,altro,pending,Verificare stabilità con computer del programmatore spento.,globale:T-1136,
P3,altro,pending,Verificare stato letto/non letto.,usabilita:U0061,
P3,altro,pending,Verificare stazioni ferroviarie di partenza e arrivo.,globale:T-1283,
P3,altro,pending,Verificare tastiera aperta.,globale:T-0611,
P3,altro,pending,Verificare tempo di parsing su telefono economico.,globale:T-1677,
P3,altro,pending,Verificare testi leggibili.,globale:T-0612,
P3,altro,pending,Verificare testo alternativo.,globale:T-1642,
P3,altro,pending,Verificare testo lungo.,usabilita:U0108,
P3,altro,pending,Verificare testo non perso.,globale:T-1409,
P3,altro,pending,Verificare timestamp.,globale:T-0512,
P3,altro,pending,Verificare tipo.,usabilita:U0206,
P3,altro,pending,Verificare titoli.,globale:T-0377,
P3,altro,passed,Verificare titolo.,usabilita:U0320,"Playwright Galaxy S9+ reale: touch fisico, 14 giornate, persistenza, 14 ricollocazioni mappa, marker Delhi 1/8 e Ranakpur; pubblicazione HTTP 201 senza duplicati; preview 9913ac2c; 2026-08-04"
P3,altro,pending,"Verificare troncamento e pulsante “Leggi tutto”, se necessario.",globale:T-0905,
P3,altro,pending,Verificare Udaipur.,globale:T-0379,
P3,altro,pending,Verificare URL precedente non più funzionante.,globale:T-0492,
P3,altro,pending,Verificare utilizzo singolo.,usabilita:U0380,
P3,altro,pending,Verificare VAPID_PUBLIC_KEY.,globale:T-1521,
P3,altro,pending,Verificare Varanasi.,globale:T-0380,
P3,altro,pending,Verificare variabile GROUP_CODE.,globale:T-1522,
P3,altro,pending,Verificare zoom testo 200%.,globale:T-0613,
P3,altro,passed,Verificare zoom.,usabilita:U0344,"Playwright Galaxy S9+ reale: touch fisico, 14 giornate, persistenza, 14 ricollocazioni mappa, marker Delhi 1/8 e Ranakpur; pubblicazione HTTP 201 senza duplicati; preview 9913ac2c; 2026-08-04"
P3,altro,pending,versione corretta;,globale:T-1768,
P3,altro,pending,versione del sistema operativo;,globale:T-1261,
P3,altro,pending,versione esatta collaudata;,usabilita:U0704,
P3,altro,pending,Viene simulata una perdita della connessione.,globale:T-1745,
P3,altro,pending,virgolette;,globale:T-1316,
P3,altro,pending,visibilità corretta;,usabilita:U0592,
P3,altro,pending,visibilità dei post;,globale:T-1812,
P3,altro,passed,voci della barra inferiore;,addendum:A0005,"TypeScript JSX inventory: 115 interactive elements, zero missing handlers/empty links; Playwright credential flow"
P3,altro,passed,voci della barra superiore;,addendum:A0006,"TypeScript JSX inventory: 115 interactive elements, zero missing handlers/empty links; Playwright credential flow"
P3,altro,pending,WebM.,globale:T-0444,
P3,altro,pending,Wi-Fi stabile.,usabilita:U0519,
P3,altro,passed,X-Content-Type-Options: nosniff.,globale:T-1484,production-smoke: X-Content-Type-Options nosniff presente
P3,altro,pending,ZIP completo.,globale:T-1727,
P3,altro,pending,ZIP dei contenuti.,globale:T-0276,
P3,documenti,pending,Biglietti collegati alle giornate.,globale:T-0236,
P3,documenti,pending,Calcolare consumo giornaliero previsto.,globale:T-1523,
P3,documenti,pending,Confrontare gli orari con i biglietti ferroviari reali.,globale:T-1263,
P3,documenti,pending,Confrontare le date con i biglietti aerei reali.,globale:T-1264,
P3,documenti,pending,Verificare comportamento previsto.,usabilita:U0048;usabilita:U0129,
P3,itinerario,pending,Aggiornamento in hotel.,globale:T-1460,
P3,itinerario,pending,Aggiungere hotel e punti di incontro.,globale:T-0183,
P3,itinerario,pending,Android con Chrome aggiornato.,globale:T-1078,
P3,itinerario,pending,Apertura della giornata corrente.,globale:T-1200,
P3,itinerario,pending,Aprire “Aggiungi ricordo” direttamente dall’itinerario.,usabilita:U0181,
P3,itinerario,pending,Aprire il giorno 5 dell’itinerario.,globale:T-0691,
P3,itinerario,passed,Aprire ogni giornata.,usabilita:U0317,"Playwright Galaxy S9+ reale: touch fisico, 14 giornate, persistenza, 14 ricollocazioni mappa, marker Delhi 1/8 e Ranakpur; pubblicazione HTTP 201 senza duplicati; preview 9913ac2c; 2026-08-04"
P3,itinerario,pending,Aprire ogni singola giornata.,globale:T-0382,
P3,itinerario,pending,Aprire una giornata specifica.,globale:T-1395,
P3,itinerario,passed,Aprire Viaggio.,usabilita:U0315,"Playwright Galaxy S9+ reale: touch fisico, 14 giornate, persistenza, 14 ricollocazioni mappa, marker Delhi 1/8 e Ranakpur; pubblicazione HTTP 201 senza duplicati; preview 9913ac2c; 2026-08-04"
P3,itinerario,passed,Chiudere ogni giornata.,usabilita:U0318,"Playwright Galaxy S9+ reale: touch fisico, 14 giornate, persistenza, 14 ricollocazioni mappa, marker Delhi 1/8 e Ranakpur; pubblicazione HTTP 201 senza duplicati; preview 9913ac2c; 2026-08-04"
P3,itinerario,pending,Confrontare ogni giornata con il programma definitivo dell’agenzia.,globale:T-1265,
P3,itinerario,pending,Consultare itinerario.,globale:T-0539,
P3,itinerario,pending,Consultazione itinerario.,globale:T-1211,
P3,itinerario,pending,Controllo itinerario.,globale:T-1213,
P3,itinerario,pending,Definire cosa accade al termine del viaggio.,globale:T-1339,
P3,itinerario,pending,Definire il periodo di conservazione dei dati dopo il viaggio.,globale:T-0049,
P3,itinerario,pending,giornata corretta;,usabilita:U0591,
P3,itinerario,pending,Hotel e prenotazioni.,globale:T-0258,
P3,itinerario,pending,itinerario della giornata;,globale:T-1757,
P3,itinerario,pending,Link esterno → giornata → indietro.,globale:T-1415,
P3,itinerario,pending,Mantenere sempre disponibili itinerario ed emergenze.,globale:T-1648,
P3,itinerario,pending,Prima del viaggio.,usabilita:U0114,
P3,itinerario,pending,Provare una data precedente al viaggio.,usabilita:U0185,
P3,itinerario,pending,Provare una data successiva al viaggio.,usabilita:U0186,
P3,itinerario,pending,Quota massima per giornata.,globale:T-0173,
P3,itinerario,pending,Ricerca per giornata.,globale:T-1699,
P3,itinerario,pending,Ritorno al programma della giornata.,globale:T-1236,
P3,itinerario,pending,Scorrere a metà giornata.,globale:T-1402,
P3,itinerario,pending,Selezionare ogni giornata dal 10 al 23 agosto.,usabilita:U0176,
P3,itinerario,pending,Tutti controllano l’itinerario.,globale:T-1734,
P3,itinerario,pending,Verificare assegnazione alla giornata corretta.,globale:T-0936,
P3,itinerario,pending,Verificare che le attività siano associate alla giornata corretta.,globale:T-1268,
P3,itinerario,pending,Verificare che non compaia in una giornata differente.,globale:T-0718,
P3,itinerario,passed,Verificare conteggio aggiornato.,usabilita:U0435,Playwright su due telefoni: griglia coordinatore passa automaticamente da 1/4 a 0/4; preview c90ec547; 2026-08-04
P3,itinerario,pending,Verificare data precedente al viaggio.,globale:T-0938,
P3,itinerario,pending,Verificare data successiva al viaggio.,globale:T-0939,
P3,itinerario,passed,Verificare elenco dispositivi aggiornato.,globale:T-1607,production-smoke: elenco dispositivi aggiornato dopo revoca
P3,itinerario,pending,Verificare filtro della giornata.,usabilita:U0179,
P3,itinerario,pending,Verificare giornata associata.,usabilita:U0102,
P3,itinerario,pending,Verificare giornata corretta.,usabilita:U0134,
P3,itinerario,pending,Verificare giornata già selezionata.,usabilita:U0182,
P3,itinerario,pending,Verificare indirizzo completo di ogni hotel.,globale:T-1274,
P3,itinerario,pending,Verificare mantenimento della giornata.,globale:T-0986;usabilita:U0184,
P3,itinerario,pending,Verificare nome esatto di ogni hotel.,globale:T-1275,
P3,itinerario,pending,Verificare ogni itinerario giornaliero.,globale:T-0194,
P3,itinerario,pending,Verificare stessa giornata e stesso punto.,globale:T-1407,
P3,itinerario,pending,Verificare telefono di ogni hotel.,globale:T-1284,
P3,itinerario,passed,Verificare tutte le 14 giornate.,globale:T-0378;usabilita:U0316,"Playwright Galaxy S9+ reale: touch fisico, 14 giornate, persistenza, 14 ricollocazioni mappa, marker Delhi 1/8 e Ranakpur; pubblicazione HTTP 201 senza duplicati; preview 9913ac2c; 2026-08-04"
P3,itinerario,passed,Viaggio.,usabilita:U0078,"Playwright Galaxy S9+ reale: touch fisico, 14 giornate, persistenza, 14 ricollocazioni mappa, marker Delhi 1/8 e Ranakpur; pubblicazione HTTP 201 senza duplicati; preview 9913ac2c; 2026-08-04"
P3,mappe-posizione,pending,Avviare Naviga.,globale:T-0693,
P3,mappe-posizione,pending,Navigazione verso una tappa.,globale:T-1226,
P3,mappe-posizione,pending,Nessuna perdita del punto di navigazione.,globale:T-1227,
P3,mappe-posizione,pending,Premere Naviga.,usabilita:U0358,
P3,mappe-posizione,pending,Utilizzare Naviga.,globale:T-0504,
P3,mappe-posizione,pending,Verificare fallback “Copia link” quando navigator.share non è disponibile.,globale:T-0982,
P3,mappe-posizione,pending,Verificare navigazione da tastiera.,globale:T-0605,
P3,media-upload,pending,aggiornare immediatamente tutte le schermate coinvolte;,addendum:A0259,
P3,media-upload,pending,Arresto immediato.,globale:T-0201,
P3,media-upload,pending,Chiusura modale mediante tastiera.,globale:T-1059,
P3,media-upload,pending,consumo MEDIA;,globale:T-1113,
P3,media-upload,pending,Errore archivio MEDIA.,globale:T-1544,
P3,media-upload,pending,Non devono esistere file nell’archivio MEDIA senza riferimento.,globale:T-1012,
P3,media-upload,pending,Proteggere Cloudflare D1 e MEDIA da consumi anomali.,globale:T-1056,
P3,media-upload,pending,quali tasti sono immediatamente disponibili;,addendum:A0313,
P3,media-upload,pending,Ruotare immediatamente qualsiasi segreto eventualmente esposto.,globale:T-1503,
P3,media-upload,pending,test dei formati multimediali;,globale:T-0014,
P3,media-upload,pending,Verificare binding MEDIA corretto.,globale:T-1509,
P3,media-upload,pending,Verificare blocco immediato.,globale:T-1617,
P3,media-upload,passed,Verificare comparsa immediata nel feed.,usabilita:U0020,Playwright mobile UI + HTTP 201 + production-smoke identity; preview 4bc152c6; 2026-08-04
P3,media-upload,passed,Verificare comparsa immediata.,usabilita:U0261,"Playwright Galaxy S9+ su tre contesti: viaggiatore, familiare e pubblico; identità ospite server, like aggiunto/rimosso, commento creato/modificato/eliminato, sync automatica e comandi proprietà; preview c9d82d89; 2026-08-04"
P3,media-upload,pending,Verificare la tappa intermedia di Ranakpur.,globale:T-0192,
P3,media-upload,pending,Verificare limiti dell’archivio MEDIA.,globale:T-1513,
P3,media-upload,pending,Verificare ordinamento corretto mediante timestamp server.,globale:T-0804,
P3,media-upload,pending,Verificare ordinamento dei post mediante ora server.,globale:T-0944,
P3,media-upload,pending,Verificare protezione mediante CSP frame-ancestors.,globale:T-1491,
P3,media-upload,passed,Verificare rifiuto immediato.,addendum:A0103,Playwright stale commands rejected 403; preview a4b05356; 2026-08-04
P3,social,passed,“Pubblicato” significhi record e allegati confermati dal server;,addendum:A0392,"Playwright Galaxy S9+: invito e sessione server, modale sopra barra, pulsante raggiungibile, stato disabilitato/invio, doppio clic=una richiesta, HTTP 201 e record confermato; preview 9913ac2c; 2026-08-04"
P3,social,passed,"A pubblica, B riceve.",usabilita:U0555,Authenticated remote QA: 18/18 applicable; preview a018a091; 2026-08-04
P3,social,pending,"Aggiungere una pagina “Informazioni” con versione, data pubblicazione e stato API.",globale:T-0002,
P3,social,pending,Apertura pubblica.,globale:T-1204,
P3,social,pending,Aprire l’app come pubblico.,globale:T-0323,
P3,social,passed,Aprire Pubblica.,usabilita:U0010;usabilita:U0473,"Playwright mobile UI + HTTP 201 + production-smoke identity; preview 4bc152c6; 2026-08-04 | Playwright mobile: loading held, disabled state, duplicate click, HTTP 201, confirmation; preview 9393a1aa"
P3,social,passed,Associare ogni pubblicazione a un’identità certa.,usabilita:U0006,Playwright mobile UI + HTTP 201 + production-smoke identity; preview 4bc152c6; 2026-08-04
P3,social,pending,Cancellazione della bozza soltanto dopo pubblicazione riuscita.,usabilita:U0166,
P3,social,pending,computer – utente pubblico;,globale:T-0295,
P3,social,pending,conferma specifica della correzione del pulsante Pubblica;,usabilita:U0709,
P3,social,pending,crede di aver pubblicato ma il server ha rifiutato;,addendum:A0440,
P3,social,pending,crede di essere collegato ma il server lo considera Pubblico;,addendum:A0439,
P3,social,pending,è pubblicata realmente;,globale:T-0665,
P3,social,passed,il Pubblico riceva soltanto privilegi pubblici;,addendum:A0376,Authenticated remote QA + mobile publication; preview a018a091; 2026-08-04
P3,social,pending,il pulsante Pubblica viene mostrato a chi non può utilizzarlo;,usabilita:U0688,
P3,social,passed,la vista pubblica deve cambiare soltanto la visualizzazione;,addendum:A0275,security-surface 18/18 + ui-coordinator-grid touch ripetuto due volte: rimosso il vecchio toggle client; lo stato Pubblico deriva solo dall’assenza di una sessione personale verificata
P3,social,passed,Messaggio “Pubblicazione in corso”.,usabilita:U0160,"Playwright mobile: loading held, disabled state, duplicate click, HTTP 201, confirmation; preview 9393a1aa"
P3,social,passed,Messaggio “Pubblicazione riuscita”.,usabilita:U0161,"Playwright mobile: loading held, disabled state, duplicate click, HTTP 201, confirmation; preview 9393a1aa"
P3,social,pending,Misurare pubblicazione post.,globale:T-0591,
P3,social,pending,Modifica di un post pubblicato.,globale:T-0262,
P3,social,pending,nessuna pubblicazione automatica di dati personali.,addendum:A0369,
P3,social,pending,Nessuna pubblicazione.,usabilita:U0477,
P3,social,pending,nessuna tastiera che nasconde Conferma o Pubblica;,addendum:A0249,
P3,social,passed,"Non mostrare automaticamente età, lavoro e biografia al pubblico.",globale:T-0050,"production-smoke: eta, lavoro, bio e avatar_key assenti dallo stato pubblico"
P3,social,passed,Non mostrare mai il pulsante “Pubblica” come utilizzabile se il server rifiuterà l’operazione.,usabilita:U0004,"Playwright Galaxy S9+ reale: touch fisico, 14 giornate, persistenza, 14 ricollocazioni mappa, marker Delhi 1/8 e Ranakpur; pubblicazione HTTP 201 senza duplicati; preview 9913ac2c; 2026-08-04"
P3,social,pending,possibilità di consultare contenuti pubblici già disponibili;,addendum:A0320,
P3,social,pending,Possibilità di modificare la visibilità dopo la pubblicazione.,globale:T-0071,
P3,social,pending,post non pubblico;,addendum:A0123,
P3,social,passed,Pubblica.,usabilita:U0079,Playwright mobile UI + HTTP 201 + production-smoke identity; preview 4bc152c6; 2026-08-04
P3,social,pending,Pubblicare 10 allegati.,globale:T-0401,
P3,social,pending,Pubblicare 20 post in pochi minuti.,globale:T-0867,
P3,social,pending,Pubblicare con emoji.,globale:T-0402,
P3,social,pending,Pubblicare con luogo scritto manualmente.,globale:T-0403,
P3,social,pending,Pubblicare contemporaneamente da 10 dispositivi.,globale:T-0798,
P3,social,pending,Pubblicare contenuto misto.,globale:T-0405,
P3,social,pending,Pubblicare dalla prima scheda.,globale:T-1592,
P3,social,pending,Pubblicare dieci allegati.,usabilita:U0015,
P3,social,pending,Pubblicare il post.,usabilita:U0247,
P3,social,pending,Pubblicare in ogni giornata.,globale:T-0406,
P3,social,pending,Pubblicare la versione 1.21.5.,globale:T-0829,
P3,social,pending,Pubblicare realmente la versione 1.21.5 su Cloudflare.,globale:T-0008,
P3,social,pending,Pubblicare senza testo.,globale:T-0408,
P3,social,passed,Pubblicare solo testo.,globale:T-0409;usabilita:U0011,Playwright mobile UI + HTTP 201 + production-smoke identity; preview 4bc152c6; 2026-08-04
P3,social,pending,Pubblicare testo molto lungo.,globale:T-0410,
P3,social,pending,"Pubblicare testo, se consentito.",usabilita:U0629,
P3,social,pending,Pubblicare un contenuto.,globale:T-0703,
P3,social,pending,pubblicare un nuovo contenuto durante il filtro;,usabilita:U0123,
P3,social,pending,Pubblicare un post dal telefono A.,globale:T-0704,
P3,social,pending,Pubblicare un post per ogni giornata.,usabilita:U0177,
P3,social,pending,Pubblicare una versione di collaudo successiva.,globale:T-1173,
P3,social,passed,Pubblicare.,usabilita:U0225,Playwright mobile: pubblicazione multimediale confermata dal server con HTTP 201; preview b4f2cf13; 2026-08-04
P3,social,pending,Pubblicazione alle 00:00.,globale:T-0927,
P3,social,pending,Pubblicazione alle 23:59.,globale:T-0928,
P3,social,pending,Pubblicazione bloccata.,usabilita:U0486,
P3,social,pending,Pubblicazione dopo l’arrivo in India.,globale:T-0929,
P3,social,pending,Pubblicazione durante il volo.,globale:T-0930,
P3,social,pending,Pubblicazione periodica durante la prova.,globale:T-1128,
P3,social,pending,pubblicazione post;,globale:T-0750,
P3,social,pending,Pubblicazione prima della partenza.,globale:T-0931,
P3,social,passed,Pubblicazione riuscita.,usabilita:U0484,Playwright mobile UI + HTTP 201 + production-smoke identity; preview 4bc152c6; 2026-08-04
P3,social,passed,Pubblicazione.,usabilita:U0641,Playwright mobile UI + HTTP 201 + production-smoke identity; preview 4bc152c6; 2026-08-04
P3,social,pending,Pubblico,globale:T-0286;addendum:A0129;addendum:A0209,
P3,social,passed,Pubblico sulla risorsa A;,addendum:A0109,Authenticated remote QA + mobile publication; preview a018a091; 2026-08-04
P3,social,passed,Pubblico: 403.,usabilita:U0436,Authenticated remote QA: 18/18 applicable; preview a018a091; 2026-08-04
P3,social,passed,Pulsante Pubblica disabilitato durante l’invio.,usabilita:U0158,"Playwright mobile: loading held, disabled state, duplicate click, HTTP 201, confirmation; preview 9393a1aa"
P3,social,passed,Pulsante Pubblica disabilitato se non esiste alcun contenuto.,usabilita:U0157,"Playwright mobile: loading held, disabled state, duplicate click, HTTP 201, confirmation; preview 9393a1aa"
P3,social,passed,riceve soltanto campi pubblici;,addendum:A0141,Authenticated remote QA + mobile publication; preview a018a091; 2026-08-04
P3,social,pending,se è Pubblico;,addendum:A0427,
P3,social,pending,"Se non può pubblicare, non mostrare il compositore come attivo.",usabilita:U0481,
P3,social,passed,Selettore Pubblico.,globale:T-0074,QA 1.31.0: contenuto Pubblico visibile senza identita
P3,social,pending,"Separare chiaramente versione sorgente, versione compilata e versione pubblicata.",globale:T-0010,
P3,social,passed,Stabilire in modo definitivo chi può pubblicare.,usabilita:U0001,Playwright mobile UI + HTTP 201 + production-smoke identity; preview 4bc152c6; 2026-08-04
P3,social,pending,Tentare di pubblicare.,usabilita:U0619,
P3,social,passed,Toccare Pubblica.,usabilita:U0131,Playwright mobile UI + HTTP 201 + production-smoke identity; preview 4bc152c6; 2026-08-04
P3,social,pending,Tutti pubblicano un post di prova.,globale:T-1739,
P3,social,passed,un utente può pubblicare come un’altra persona;,usabilita:U0689,Authenticated remote QA: 18/18 applicable; preview a018a091; 2026-08-04
P3,social,pending,Verificare che soltanto la chiave pubblica VAPID sia inviata al browser.,globale:T-1504,
P3,social,pending,Verificare rimozione dei metadati sensibili dalle copie pubbliche.,globale:T-1438,
P3,social,pending,Verificare soltanto contenuti pubblici.,usabilita:U0094,
P3,social,pending,Visualizzare la Bacheca pubblica.,usabilita:U0613,
P3,social,pending,Visualizzare le mappe pubbliche.,usabilita:U0615,
P3,social,passed,Visualizzare soltanto informazioni pubbliche consentite.,usabilita:U0362,Playwright mobile people/roles 1/1; preview 64167f5a; 2026-08-04
P3,usabilita-mobile,passed,Biografia.,usabilita:U0387,Playwright mobile people/roles 1/1; preview 64167f5a; 2026-08-04
P3,usabilita-mobile,pending,comandi che modificano soltanto lo stato grafico;,addendum:A0184,
P3,usabilita-mobile,pending,Inserire biografia.,globale:T-0345,
P3,usabilita-mobile,passed,Non visualizzare comandi di modifica.,usabilita:U0365,Playwright mobile people/roles 1/1; preview 64167f5a; 2026-08-04
P3,usabilita-mobile,pending,Ruotare il telefono durante la visualizzazione.,globale:T-0918,
P3,usabilita-mobile,pending,spiegazione di chi può visualizzarli;,addendum:A0370,
P3,usabilita-mobile,pending,Visualizzare ambasciata italiana.,globale:T-1195,
P3,usabilita-mobile,pending,Visualizzare hotel della giornata.,globale:T-1197,
P3,usabilita-mobile,pending,Visualizzare l’itinerario.,usabilita:U0614,
P3,usabilita-mobile,pending,Visualizzare numero dell’assicurazione.,globale:T-1198,
